id,run_length,disagreeable,training,improbability_rate,price,special_conditions,availability,start_time,end_time,workerid,censored,other
18132,1,75,False,56,0.5,high,2014-04-21 16:15:52,2014-04-21 16:16:28,A2B4GWF7MF7AOB,False,None
18133,2,0,True,93,0.25,low,2014-04-21 11:50:34,2014-04-21 14:17:14,AIH06SF8MK6XF,False,None
18134,0,12.5,False,93,0.1,high,2014-04-21 16:42:28,2014-04-21 16:42:28,AZM3UDQWDBICM,False,None
18135,0,75,True,56,0.35,high,2014-04-21 15:39:30,2014-04-21 15:39:30,A1T8EFHGSEE3RD,False,None
18136,0,100,True,93,0.25,high,2014-04-21 12:07:22,2014-04-21 12:07:22,A15W8HI3MNQWG4,False,None
18137,2,12.5,True,56,0.1,high,2014-04-21 15:04:43,2014-04-21 15:19:39,AX8YX9DWOGUUH,False,None
18138,1,100,True,93,0.25,high,2014-04-21 14:15:00,2014-04-21 14:15:08,ACC10KKEL30H3,False,None
18139,1,50,False,93,0.1,high,2014-04-21 15:07:15,2014-04-21 15:13:59,AJGWVHAH1PT36,False,None
18140,0,25,False,93,0.1,high,2014-04-21 13:49:49,2014-04-21 13:49:49,AUQTHU5AOZVQC,False,None
18141,0,50,True,56,0.25,high,2014-04-21 14:11:49,2014-04-21 14:11:49,A194E79BDFEZIU,False,None
18142,0,50,True,56,0.15,high,2014-04-21 11:10:28,2014-04-21 11:10:28,A55X502YHPLPL,False,None
18143,5,50,False,93,0.15,high,2014-04-21 15:09:51,2014-04-21 15:32:56,A36BGTQ53RBEWJ,False,None
18145,1,25,True,93,0.4,high,2014-04-21 14:36:02,2014-04-21 14:36:29,A3LSDO3YPF1SFT,False,None
18146,0,100,False,56,0.3,high,2014-04-21 15:32:39,2014-04-21 15:32:39,A3F90N8YVKJ4I7,False,None
18148,0,50,False,56,0.4,high,2014-04-21 13:00:09,2014-04-21 13:00:09,A28J5IPBPYV84K,False,None
18149,0,0,True,93,0.25,low,2014-04-21 10:32:32,2014-04-21 10:32:32,A3MZ9RQJX9T656,False,None
18150,1,100,False,93,0.5,high,2014-04-21 14:49:11,2014-04-21 14:49:29,A39ZGQW4BGJO5M,False,None
18151,2,50,False,93,0.25,high,2014-04-21 11:57:48,2014-04-21 12:10:54,AW4H6C8P7ZQT9,False,None
18152,1,75,False,93,0.05,high,2014-04-21 14:58:40,2014-04-21 14:59:15,AW20BA38TBP8O,False,None
18153,2,50,False,56,0.25,high,2014-04-21 11:53:08,2014-04-21 13:23:47,A26SG229ZRXDED,False,None
18154,6,75,False,56,0.3,high,2014-04-21 12:17:10,2014-04-21 12:29:36,A22KDIJRB2ZXIS,False,None
18155,0,25,False,56,0.15,high,2014-04-21 10:55:15,2014-04-21 10:55:15,AC8BGOG45QWA2,False,None
18156,1,50,True,56,0.4,high,2014-04-21 18:03:51,2014-04-21 18:03:59,A6O1VFV32LBS8,False,None
18157,1,100,False,93,0.15,high,2014-04-21 15:10:40,2014-04-21 15:10:44,A22SNAMBBLKMW7,False,None
18158,1,0,True,93,0.5,high,2014-04-21 16:23:45,2014-04-21 16:23:58,A1RT6MNQEONFKE,False,None
18159,0,50,True,56,0.1,high,2014-04-21 13:49:07,2014-04-21 13:49:07,A2XFGTPDO4KQ2B,False,None
18160,1,100,True,93,0.05,high,2014-04-21 16:37:37,2014-04-21 16:37:49,A2Z64DTPQY8DNV,False,None
18161,1,0,False,56,0.25,high,2014-04-21 14:07:49,2014-04-21 14:11:37,A3FM4IDHKJ35WI,False,None
18162,1,75,True,93,0.1,high,2014-04-21 13:53:30,2014-04-21 13:54:09,A215VSM181SC0F,False,None
18163,0,50,True,93,0.3,high,2014-04-21 17:36:25,2014-04-21 17:36:25,A12YW9ETZPJ6G5,False,None
18164,1,50,False,93,0.25,high,2014-04-21 14:13:02,2014-04-21 14:13:08,A1SDWF0ODT81WT,False,None
18165,0,100,False,56,0.4,high,2014-04-21 15:45:52,2014-04-21 15:45:52,A2OLVF6P86QSQJ,False,None
18166,1,75,False,56,0.05,high,2014-04-21 10:25:03,2014-04-21 10:44:28,AHJQDF8PAHVDP,False,None
18168,1,25,True,93,0.35,high,2014-04-21 12:50:51,2014-04-21 12:51:02,A24X3S5K8MR425,False,None
18169,2,25,True,93,0.4,high,2014-04-21 15:52:00,2014-04-21 17:25:40,A35Z1QH3JQEZG6,False,None
18170,0,75,True,56,0.3,high,2014-04-21 17:28:25,2014-04-21 17:28:25,A39FH0T1NKKMVO,False,None
18171,4,25,True,56,0.1,high,2014-04-21 10:44:07,2014-04-21 13:26:52,AQORJW4W8U9YU,False,None
18172,0,75,False,93,0.4,high,2014-04-21 13:07:18,2014-04-21 13:07:18,A2HZ8CGOYL86XB,False,None
18173,0,0,True,93,0.4,high,2014-04-21 15:51:34,2014-04-21 15:51:34,AQ412GI259EPY,False,None
18174,8,0,True,56,0.05,high,2014-04-21 10:26:12,2014-04-21 18:01:40,A1BWA0YWN6FVEK,False,None
18175,1,0,True,56,0.25,high,2014-04-21 17:13:01,2014-04-21 17:13:10,A2E0S4TGQQ2GP4,False,None
18176,2,0,True,93,0.35,high,2014-04-21 14:25:30,2014-04-21 14:34:42,A227NQ85NZ40DS,False,None
18177,0,25,False,56,0.2,high,2014-04-21 11:25:10,2014-04-21 11:25:10,A2BALLNAXC9HJF,False,None
18178,1,50,False,56,0.3,high,2014-04-21 17:23:51,2014-04-21 17:30:05,A15FDX7I8HLQPU,False,None
18179,1,25,False,56,0.3,high,2014-04-21 17:23:28,2014-04-21 17:23:40,A18DLTHQXKDX0Y,False,None
18180,1,25,False,56,0.15,high,2014-04-21 16:46:25,2014-04-21 16:46:34,ARGBSGPN5N96F,False,None
18181,0,0,True,93,0.25,low,2014-04-21 13:48:53,2014-04-21 13:48:53,A2R794P3E8X0MK,False,None
18182,0,25,False,56,0.4,high,2014-04-21 17:57:23,2014-04-21 17:57:23,A2BLWUEXAHXJGW,False,None
18183,0,75,False,93,0.35,high,2014-04-21 12:46:02,2014-04-21 12:46:02,AF3TLR0FI08K0,False,None
18184,8,75,False,56,0.1,high,2014-04-21 15:04:18,2014-04-21 15:42:40,A2I5JDOGMKSPOU,False,None
18185,0,75,True,56,0.5,high,2014-04-21 13:30:58,2014-04-21 13:30:58,A1AYWUSULABAXL,False,None
18186,0,0,True,56,0.3,high,2014-04-21 17:25:57,2014-04-21 17:25:57,A16SR2HQIWRFD6,False,None
18187,1,100,True,56,0.35,high,2014-04-21 15:39:36,2014-04-21 15:39:51,APZQ9ADUXTS7N,False,None
18188,8,25,False,93,0.4,high,2014-04-21 13:07:08,2014-04-21 16:46:54,A1GF29TP5AVQ49,False,None
18189,0,75,True,93,0.4,high,2014-04-21 14:36:26,2014-04-21 14:36:26,A1FUQIDCR4U4QQ,False,None
18190,3,12.5,False,56,0.5,high,2014-04-21 14:44:31,2014-04-21 15:25:31,A1LJGFJRXAZDAG,False,None
18191,1,100,True,56,0.05,high,2014-04-21 10:31:12,2014-04-21 10:31:26,A2NJ7N8INZOB00,False,None
18192,1,75,True,93,0.3,high,2014-04-21 15:37:24,2014-04-21 15:38:59,ADOB8J5ANJLQW,False,None
18193,2,25,True,56,0.05,high,2014-04-21 16:32:09,2014-04-21 16:37:39,A39EGSQEULNIA4,False,None
18195,2,0,False,56,0.35,high,2014-04-21 17:37:10,2014-04-21 17:43:08,A7E09B3C0027X,False,None
18196,0,50,False,93,0.15,high,2014-04-21 13:58:25,2014-04-21 13:58:25,A18TXM6GMU1411,False,None
18197,0,12.5,True,56,0.05,high,2014-04-21 16:29:40,2014-04-21 16:29:40,A13JDX06ZXN4KJ,False,None
18198,1,100,False,56,0.3,high,2014-04-21 12:18:58,2014-04-21 12:19:06,A2DAEM674ZDADH,False,None
18199,0,25,True,56,0.35,high,2014-04-21 15:39:13,2014-04-21 15:39:13,AD1ILDUXZHASF,False,None
18200,0,12.5,False,56,0.45,high,2014-04-21 13:13:24,2014-04-21 13:13:24,A2STO4PLX3SGVL,False,None
18201,1,0,False,56,0.15,high,2014-04-21 15:07:58,2014-04-21 15:08:05,A1B1KUUTUU0CKL,False,None
18202,1,12.5,True,56,0.15,high,2014-04-21 16:50:00,2014-04-21 16:50:15,A3OUL3BHBNDU0C,False,None
18203,1,0,True,93,0.25,low,2014-04-21 10:39:27,2014-04-21 10:39:50,AW7J1S3K29XOA,False,None
18204,0,12.5,False,93,0.45,high,2014-04-21 14:39:10,2014-04-21 14:39:10,A2BUNPETB9YKPB,False,None
18205,1,75,False,93,0.4,high,2014-04-21 18:12:51,2014-04-21 18:13:02,A2D41RGVJ2OA97,False,None
18206,1,100,True,56,0.25,high,2014-04-21 14:12:26,2014-04-21 16:37:43,ANG6O6OTLTUBM,False,None
18207,1,50,True,56,0.4,high,2014-04-21 14:33:17,2014-04-21 14:33:31,A1QRWMTTQCLVY7,False,None
18208,2,100,True,93,0.3,high,2014-04-21 17:36:49,2014-04-21 18:00:58,AVWZJ14OPTJD5,False,None
18209,1,50,False,93,0.5,high,2014-04-21 16:22:53,2014-04-21 16:23:30,AUJYDLLP0JMMF,False,None
18210,1,75,True,56,0.4,high,2014-04-21 15:48:16,2014-04-21 15:48:28,A6GL3YXRSL3SW,False,None
18211,0,75,True,56,0.4,high,2014-04-21 18:03:56,2014-04-21 18:03:56,A5WT9A94RVBYP,False,None
18212,2,100,False,56,0.2,high,2014-04-21 16:57:39,2014-04-21 17:01:18,AV5W300TPHWD9,False,None
18213,1,12.5,False,56,0.25,high,2014-04-21 17:11:17,2014-04-21 17:11:48,A1PAR1TMKFPKQE,False,None
18214,1,12.5,True,56,0.05,high,2014-04-21 10:26:48,2014-04-21 10:27:03,A2W7O2ONL04GAP,False,None
18215,1,50,True,93,0.15,high,2014-04-21 14:01:38,2014-04-21 14:37:53,AS9E0S6DBSWH7,False,None
18216,50,25,False,93,0.5,high,2014-04-21 13:36:23,2014-04-21 17:13:31,A291KO368YRYCR,True,None
18217,0,100,True,93,0.4,high,2014-04-21 16:09:25,2014-04-21 16:09:25,AAMTSEDQYCRKI,False,None
18218,4,100,False,56,0.45,high,2014-04-21 16:10:00,2014-04-21 17:54:20,A5MT8RECS2VP,False,None
18219,1,25,False,56,0.05,high,2014-04-21 14:52:24,2014-04-21 14:52:37,AE7P8VMBVDPXO,False,None
18220,0,0,True,56,0.4,high,2014-04-21 14:32:40,2014-04-21 14:32:40,A3ORE2BNURPVNI,False,None
18221,0,75,True,56,0.15,high,2014-04-21 16:50:35,2014-04-21 16:50:35,AZK12FBX7X7LN,False,None
18222,1,25,False,93,0.4,high,2014-04-21 15:50:04,2014-04-21 15:50:15,A1Z8JYV0KX7BFC,False,None
18223,50,25,False,56,0.35,high,2014-04-21 12:40:41,2014-04-21 15:45:03,A1GKEEI844CEKI,True,None
18224,1,75,False,56,0.4,high,2014-04-21 14:32:05,2014-04-21 14:32:25,AGMH4THCISFAA,False,None
18225,1,0,True,56,0.2,high,2014-04-21 14:03:06,2014-04-21 14:03:45,A1MAIQ4AZJ5G3W,False,None
18226,1,12.5,True,56,0.15,high,2014-04-21 11:04:56,2014-04-21 11:05:19,A3E0AY1XXP8IBQ,False,None
18227,1,0,True,56,0.4,high,2014-04-21 13:03:35,2014-04-21 13:04:03,A2BICWCPAW5N7O,False,None
18228,1,25,True,56,0.3,high,2014-04-21 15:32:52,2014-04-21 15:40:42,AVQGY7FCU80XP,False,None
18230,8,75,True,93,0.5,high,2014-04-21 16:24:24,2014-04-21 17:59:09,A32QBXDPHHSTOD,False,None
18231,2,12.5,True,93,0.5,high,2014-04-21 16:23:55,2014-04-21 16:41:32,A2TDAI42SCGC8X,False,None
18232,1,100,False,93,0.45,high,2014-04-21 16:12:11,2014-04-21 16:12:24,A28LNN5WXD76CE,False,None
18233,1,0,False,93,0.4,high,2014-04-21 13:06:43,2014-04-21 13:06:56,A3BP5GEUX4ZI9Z,False,None
18234,5,100,False,93,0.25,high,2014-04-21 17:19:39,2014-04-21 17:32:56,A34X76H88ZIZ21,False,None
18235,1,12.5,False,56,0.05,high,2014-04-21 14:52:22,2014-04-21 14:52:34,A3366XRW1P7YKE,False,None
18236,1,12.5,True,56,0.15,high,2014-04-21 13:57:34,2014-04-21 13:57:44,A2RO8G5CDFPRQ6,False,None
18237,0,0,True,93,0.1,high,2014-04-21 13:51:50,2014-04-21 13:51:50,A1650FELH3UL2F,False,None
18238,0,50,True,56,0.15,high,2014-04-21 15:09:00,2014-04-21 15:09:00,AXK6SKTZIGAB0,False,None
18239,0,25,True,56,0.15,high,2014-04-21 11:10:17,2014-04-21 11:10:17,A1CMQ8KMBU14F,False,None
18240,6,50,False,56,0.45,high,2014-04-21 14:37:05,2014-04-21 15:33:37,A1ZCHJF8TZ6KCY,False,None
18241,0,75,True,93,0.2,high,2014-04-21 15:19:14,2014-04-21 15:19:14,A2MPEWSVKPP8BM,False,None
18242,2,75,False,93,0.25,high,2014-04-21 14:13:22,2014-04-21 14:18:31,A3ECG8YQQLFA0F,False,None
18243,2,50,False,93,0.2,high,2014-04-21 14:05:10,2014-04-21 14:14:55,A1YT68EP19DFOO,False,None
18244,1,12.5,True,56,0.45,high,2014-04-21 14:37:51,2014-04-21 14:38:04,AY5O199V9M9O7,False,None
18245,1,12.5,True,93,0.4,high,2014-04-21 13:08:03,2014-04-21 13:08:20,A280D4C3U9BXJE,False,None
18246,3,100,True,56,0.25,high,2014-04-21 15:25:12,2014-04-21 16:38:49,A3A6PPZ2EJTW6L,False,None
18247,0,0,False,56,0.3,high,2014-04-21 15:29:47,2014-04-21 15:29:47,A37QCCNVEUFXF0,False,None
18248,2,0,False,93,0.3,high,2014-04-21 15:34:13,2014-04-21 16:09:31,A30PNDO8SQV1XH,False,None
18249,2,0,False,56,0.4,high,2014-04-21 12:55:55,2014-04-21 14:03:50,A2X27TXN39UJH8,False,None
18250,1,25,False,56,0.1,high,2014-04-21 13:47:16,2014-04-21 13:47:28,AW6DOBYV5GVN6,False,None
18251,1,0,False,56,0.25,high,2014-04-21 11:50:42,2014-04-21 11:50:52,A1BQBQG2GNY8AY,False,None
18252,0,75,False,93,0.45,high,2014-04-21 14:41:26,2014-04-21 14:41:26,AJVBRWY05LQRR,False,None
18253,1,12.5,False,56,0.1,high,2014-04-21 15:03:15,2014-04-21 15:03:27,A2Q3LDIH9PJY82,False,None
18254,1,75,False,93,0.5,high,2014-04-21 14:49:02,2014-04-21 14:58:48,A1W36Q5THCHYUZ,False,None
18255,1,25,True,56,0.1,high,2014-04-21 16:41:04,2014-04-21 16:41:11,AQWC8BPA9JB7T,False,None
18256,1,12.5,True,56,0.35,high,2014-04-21 14:22:39,2014-04-21 14:22:53,A3FRULTERVHGR8,False,None
18257,2,0,True,93,0.25,low,2014-04-21 14:15:57,2014-04-21 14:22:15,AP0A2XBW34SZJ,False,None
18258,6,75,False,93,0.2,high,2014-04-21 17:04:00,2014-04-21 17:45:35,A1TO8HA1LHLR52,False,None
18259,1,0,True,93,0.5,high,2014-04-21 14:49:38,2014-04-21 14:49:57,A29R8U75D3DAYW,False,None
18260,4,50,True,93,0.05,high,2014-04-21 10:35:07,2014-04-21 11:16:53,A1ESCPVSM3GQ95,False,None
18261,0,75,False,93,0.1,high,2014-04-21 13:50:50,2014-04-21 13:50:50,A1MADOUB1BA0A5,False,None
18262,0,25,False,93,0.3,high,2014-04-21 15:34:57,2014-04-21 15:34:57,A207IHY6GERCFO,False,None
18263,5,12.5,False,93,0.1,high,2014-04-21 13:49:39,2014-04-21 14:12:52,A1Q8258LSGVSB3,False,None
18264,0,100,True,93,0.05,high,2014-04-21 10:37:59,2014-04-21 10:37:59,A3QTDW5WP4GFKV,False,None
18266,0,0,False,56,0.35,high,2014-04-21 14:21:01,2014-04-21 14:21:01,A2TDGWWPX6IMIZ,False,None
18267,1,75,True,93,0.05,high,2014-04-21 16:36:51,2014-04-21 16:37:17,A344HEKCMQ7E9D,False,None
18268,1,75,False,56,0.15,high,2014-04-21 11:00:26,2014-04-21 11:00:32,A3N87BX6PS0SIB,False,None
18269,1,75,True,56,0.3,high,2014-04-21 12:26:59,2014-04-21 12:27:07,A31E2WVW3ECNC3,False,None
18271,1,50,False,93,0.2,high,2014-04-21 17:03:58,2014-04-21 17:04:03,A2CGH9INLS1JI,False,None
18272,1,12.5,False,93,0.35,high,2014-04-21 15:40:09,2014-04-21 15:40:38,A1AK1C1VMS5YAO,False,None
18274,1,0,True,56,0.25,high,2014-04-21 14:11:08,2014-04-21 14:11:31,A3JNRB7WOSC4PJ,False,None
18275,1,75,False,93,0.3,high,2014-04-21 17:33:08,2014-04-21 17:33:18,A1BQEHUZJI5V6O,False,None
18276,1,25,True,56,0.4,high,2014-04-21 18:03:10,2014-04-21 18:03:34,A1OVOES6ZA3TC4,False,None
18277,0,25,False,56,0.3,high,2014-04-21 15:31:05,2014-04-21 15:31:05,A38KIO2400LOTJ,False,None
18278,1,25,False,56,0.1,high,2014-04-21 15:03:16,2014-04-21 15:03:42,A3FG0NQ86CSOWS,False,None
18279,0,0,True,93,0.25,low,2014-04-21 13:19:46,2014-04-21 13:19:46,A1M8B631PF81G9,False,None
18280,0,0,True,93,0.1,high,2014-04-21 15:07:35,2014-04-21 15:07:35,A1NV0GXIMMZOJT,False,None
18281,0,75,False,93,0.3,high,2014-04-21 14:19:14,2014-04-21 14:19:14,A3N8JP3QR3VPE8,False,None
18282,5,50,False,56,0.2,high,2014-04-21 16:57:09,2014-04-21 17:14:14,A275C5Q4MLQBIT,False,None
18283,0,0,True,93,0.25,low,2014-04-21 15:17:05,2014-04-21 15:17:05,A1ADI35KR2J6SX,False,None
18284,0,12.5,False,56,0.1,high,2014-04-21 13:46:38,2014-04-21 13:46:38,A1ONILGBGJ8Y5K,False,None
18285,0,50,False,93,0.05,high,2014-04-21 10:32:01,2014-04-21 10:32:01,A2C73Y1COWCA51,False,None
18286,1,0,False,56,0.35,high,2014-04-21 15:37:53,2014-04-21 15:38:07,A34ZSF2JSRXIRP,False,None
18287,4,0,False,56,0.4,high,2014-04-21 14:29:15,2014-04-21 14:42:56,A2MS79E5JZLZ0L,False,None
18288,51,0,True,93,0.4,high,2014-04-21 14:35:19,2014-04-21 17:31:21,A1GHKKR97LHLNN,True,None
18289,1,75,True,56,0.05,high,2014-04-21 10:29:50,2014-04-21 10:32:27,A1B6MK89222QBB,False,None
18290,1,25,True,56,0.05,high,2014-04-21 10:29:14,2014-04-21 10:29:32,A3K2EHIYMKLFHC,False,None
18291,0,50,True,93,0.4,high,2014-04-21 13:09:12,2014-04-21 13:09:12,A2WIBJ7AMZOSOU,False,None
18292,4,50,True,56,0.5,high,2014-04-21 13:30:30,2014-04-21 14:59:52,A1CX53BTI88Z12,False,None
18293,1,12.5,True,93,0.45,high,2014-04-21 16:13:27,2014-04-21 16:13:42,A1OP4BATW0TUUG,False,None
18294,1,25,True,56,0.25,high,2014-04-21 14:11:39,2014-04-21 14:11:48,A3ROI7SRC1SG2K,False,None
18295,1,100,False,56,0.05,high,2014-04-21 10:25:28,2014-04-21 10:25:44,AYKMGH4GF41FX,False,None
18296,0,0,False,56,0.5,high,2014-04-21 13:27:22,2014-04-21 13:27:22,A1CSDIX05PK9V,False,None
18297,0,50,True,56,0.35,high,2014-04-21 12:41:54,2014-04-21 12:41:54,AGXEPC5GG6JCE,False,None
18298,1,100,False,56,0.15,high,2014-04-21 11:03:49,2014-04-21 11:07:51,A2CSACR6J12NVS,False,None
18299,1,75,False,93,0.25,high,2014-04-21 17:19:03,2014-04-21 17:19:16,A1IDNONYJFY4W3,False,None
18300,1,12.5,True,56,0.5,high,2014-04-21 14:46:37,2014-04-21 14:46:46,A3M6D6HNOB7OZ,False,None
18301,1,50,True,56,0.2,high,2014-04-21 14:03:14,2014-04-21 14:03:25,A2VR26FH6ZRMWF,False,None
18302,1,0,False,56,0.3,high,2014-04-21 17:22:13,2014-04-21 17:22:19,A2HOZUA27KND53,False,None
18303,0,100,False,56,0.1,high,2014-04-21 15:04:25,2014-04-21 15:04:25,A1XGH9T9MBVPBG,False,None
18305,0,100,True,93,0.35,high,2014-04-21 15:44:07,2014-04-21 15:44:07,A25OS8LP9VR1AS,False,None
18306,6,25,False,56,0.2,high,2014-04-21 15:12:30,2014-04-21 17:14:35,A17HVHGFQW5373,False,None
18307,1,75,False,56,0.1,high,2014-04-21 16:39:36,2014-04-21 16:39:46,A2MZFM40XFAI22,False,None
18308,19,25,False,56,0.3,high,2014-04-21 12:14:56,2014-04-21 17:57:46,A2JDLF1O8BS4VT,False,None
18309,1,100,False,56,0.2,high,2014-04-21 15:13:27,2014-04-21 15:13:38,A36III0FX84ANR,False,None
18310,1,100,True,93,0.5,high,2014-04-21 13:37:31,2014-04-21 13:37:46,A3BGQS3TMP7RQG,False,None
18311,0,100,True,56,0.5,high,2014-04-21 16:20:09,2014-04-21 16:20:09,AXB77NEOQPVFA,False,None
18312,1,0,False,56,0.25,high,2014-04-21 15:19:58,2014-04-21 15:20:24,A2WIEO2HY78G1S,False,None
18313,2,25,False,93,0.25,high,2014-04-21 14:13:00,2014-04-21 14:25:13,A3597RXY670S4R,False,None
18315,1,100,False,56,0.35,high,2014-04-21 17:40:04,2014-04-21 17:40:17,A2V8WJXA0USMZ,False,None
18316,1,50,True,56,0.3,high,2014-04-21 17:26:44,2014-04-21 17:26:49,A3TG31ZK7WXUX,False,None
18317,0,0,True,93,0.25,low,2014-04-21 14:53:44,2014-04-21 14:53:44,A1XD1YOUXJLSPT,False,None
18318,2,75,False,93,0.1,high,2014-04-21 15:07:16,2014-04-21 15:12:26,A2TD08R21SVKUN,False,None
18319,0,100,True,56,0.4,high,2014-04-21 14:33:50,2014-04-21 14:33:50,A150Q29JQZOY3V,False,None
18320,1,0,True,93,0.25,low,2014-04-21 13:20:59,2014-04-21 14:06:30,AH8B2SL45ZO9Y,False,None
18321,3,25,False,93,0.45,high,2014-04-21 13:20:00,2014-04-21 14:23:52,A2XUADP5L61HQ5,False,None
18322,1,25,True,93,0.25,high,2014-04-21 17:20:51,2014-04-21 17:33:22,A1XMH5ZM2WUMG,False,None
18323,1,12.5,True,93,0.05,high,2014-04-21 14:59:12,2014-04-21 14:59:29,A1036BH0RBAF1O,False,None
18324,1,25,True,56,0.25,high,2014-04-21 11:54:24,2014-04-21 11:54:37,ACDEI97EV8JMN,False,None
18325,3,75,True,93,0.25,high,2014-04-21 17:21:43,2014-04-21 18:00:38,A2DYW1KL64O5IK,False,None
18326,0,0,True,56,0.15,high,2014-04-21 16:48:38,2014-04-21 16:48:38,AXYKTP0YCYJB9,False,None
18327,2,75,False,56,0.15,high,2014-04-21 13:56:59,2014-04-21 14:00:52,A145U77T20M5OF,False,None
18328,2,25,True,93,0.1,high,2014-04-21 13:52:57,2014-04-21 14:08:33,A2Y9ZNZ0F24GHB,False,None
18329,0,0,True,93,0.25,low,2014-04-21 10:33:10,2014-04-21 10:33:10,AVX3SWFMBEPMZ,False,None
18330,5,100,False,93,0.15,high,2014-04-21 11:18:57,2014-04-21 11:58:36,ACMUYE09TCR4G,False,None
18331,1,12.5,False,93,0.25,high,2014-04-21 17:15:53,2014-04-21 17:16:09,A2ZMXBMLTPSS4D,False,None
18332,0,12.5,True,56,0.2,high,2014-04-21 14:03:08,2014-04-21 14:03:08,A2S1IQDF29I5M2,False,None
18333,2,12.5,True,93,0.3,high,2014-04-21 12:35:54,2014-04-21 16:24:24,A2MJZGCWFE8YED,False,None
18334,0,12.5,True,56,0.4,high,2014-04-21 18:02:52,2014-04-21 18:02:52,A1KET5Z038NMWD,False,None
18335,0,75,True,93,0.35,high,2014-04-21 12:54:15,2014-04-21 12:54:15,A22CRWMZUX7FFR,False,None
18336,2,75,False,93,0.15,high,2014-04-21 16:53:00,2014-04-21 16:58:31,A1Z64L5Y143167,False,None
18337,0,0,True,93,0.25,low,2014-04-21 16:10:37,2014-04-21 16:10:37,AR2XYENDM3PQS,False,None
18338,2,50,False,56,0.1,high,2014-04-21 15:04:14,2014-04-21 15:13:33,A345ZKNQSVPJ6G,False,None
18340,4,100,False,56,0.35,high,2014-04-21 15:38:48,2014-04-21 16:20:25,AV1GW7HQ25UES,False,None
18341,50,75,False,56,0.4,high,2014-04-21 13:01:32,2014-04-21 17:55:02,A13T61GJTR2Y9B,True,None
18342,3,75,False,56,0.2,high,2014-04-21 14:02:50,2014-04-21 14:11:45,A243EWII6H58YT,False,None
18343,1,100,False,93,0.1,high,2014-04-21 16:43:08,2014-04-21 16:43:24,A25C4GTV3O6NUJ,False,None
18344,0,50,True,93,0.3,high,2014-04-21 15:37:19,2014-04-21 15:37:19,A2HR7ZIX42FEPG,False,None
18345,1,12.5,False,56,0.45,high,2014-04-21 14:36:36,2014-04-21 14:37:04,A3MCS8WQWZ34RN,False,None
18346,1,12.5,True,56,0.35,high,2014-04-21 12:41:40,2014-04-21 12:42:31,A3F5PIRBEASC5W,False,None
18347,1,25,False,93,0.3,high,2014-04-21 12:30:21,2014-04-21 12:43:48,A3D9L5CQXK1YJL,False,None
18348,3,0,False,56,0.4,high,2014-04-21 17:56:56,2014-04-21 18:02:17,AR2XN75XH62CS,False,None
18349,2,75,True,56,0.25,high,2014-04-21 15:23:50,2014-04-21 16:26:36,A2IA303OT5BBX0,False,None
18350,1,50,True,93,0.35,high,2014-04-21 12:51:35,2014-04-21 12:51:42,A3H8M155NBFE1L,False,None
18351,0,75,False,56,0.1,high,2014-04-21 10:41:37,2014-04-21 10:41:37,A2AIOSR6Q85I08,False,None
18352,5,0,True,93,0.25,low,2014-04-21 12:29:45,2014-04-21 12:50:52,A1614EW9OY4IQ0,False,None
18353,1,0,True,93,0.05,high,2014-04-21 16:34:55,2014-04-21 16:35:05,AZV195E9JW7ZH,False,None
18354,4,0,True,93,0.15,high,2014-04-21 16:53:42,2014-04-21 17:34:51,A3GJ54G09V21QD,False,None
18355,1,0,True,56,0.25,high,2014-04-21 11:53:21,2014-04-21 11:53:32,AE3A1HAMMKGC0,False,None
18356,1,12.5,False,93,0.5,high,2014-04-21 16:21:08,2014-04-21 16:21:26,A28MSAAATE03MA,False,None
18357,2,0,True,93,0.45,high,2014-04-21 16:13:21,2014-04-21 16:21:13,A1VCIMAAY6GUD3,False,None
18358,2,50,False,93,0.05,high,2014-04-21 16:33:45,2014-04-21 16:38:11,A2ELWPBL46UA0E,False,None
18359,0,25,False,93,0.05,high,2014-04-21 16:33:31,2014-04-21 16:33:31,A248G7WMC2OS7F,False,None
18360,12,75,False,56,0.5,high,2014-04-21 14:45:35,2014-04-21 15:49:38,A3J70EMMOXYEM3,False,None
18361,1,0,True,93,0.25,low,2014-04-21 14:11:53,2014-04-21 14:11:55,AXVTPBZZVDVAG,False,None
18362,2,75,True,56,0.35,high,2014-04-21 17:42:22,2014-04-21 18:04:34,A13BDQ7J8MNP40,False,None
18363,1,100,True,56,0.15,high,2014-04-21 15:09:27,2014-04-21 15:10:06,A12742LK4OXN6F,False,None
18364,1,12.5,True,56,0.25,high,2014-04-21 15:22:53,2014-04-21 15:23:14,A39SV63KWRYNU0,False,None
18365,0,75,False,93,0.3,high,2014-04-21 12:32:34,2014-04-21 12:32:34,ANPCXN619ACW9,False,None
18366,1,0,False,93,0.45,high,2014-04-21 16:10:37,2014-04-21 16:17:12,A2QPB42Q1XO8GZ,False,None
18367,5,25,True,56,0.45,high,2014-04-21 14:38:00,2014-04-21 15:12:47,AIOFVU05ZZ818,False,None
18368,1,75,False,56,0.2,high,2014-04-21 15:13:26,2014-04-21 15:13:44,A3EEHYZ48WMOYX,False,None
18369,1,0,False,93,0.3,high,2014-04-21 14:18:27,2014-04-21 14:18:38,A2JGSSRI6SJ8P6,False,None
18370,1,100,False,93,0.25,high,2014-04-21 15:26:52,2014-04-21 15:27:01,A2OL18MGK5LEO7,False,None
18371,0,0,False,56,0.1,high,2014-04-21 10:38:05,2014-04-21 10:38:05,A2EEUQ0YY2XIU,False,None
18372,2,100,False,93,0.35,high,2014-04-21 17:49:38,2014-04-21 18:02:40,ANZEFEUKWDQA1,False,None
18373,1,50,False,93,0.1,high,2014-04-21 10:50:30,2014-04-21 10:50:49,A3PGCZX797RBT2,False,None
18374,2,0,False,56,0.1,high,2014-04-21 15:02:17,2014-04-21 15:12:25,A175ZTL2OZO9YU,False,None
18375,1,12.5,False,56,0.5,high,2014-04-21 13:27:28,2014-04-21 13:27:42,A1RILPRCMP44EU,False,None
18376,1,12.5,False,56,0.05,high,2014-04-21 13:37:43,2014-04-21 13:37:56,A1XAOEDK0Y2KBT,False,None
18377,1,100,False,93,0.35,high,2014-04-21 15:41:54,2014-04-21 15:42:08,A8OE2E20OZYKI,False,None
18378,0,75,True,56,0.15,high,2014-04-21 13:57:37,2014-04-21 13:57:37,A17F1JAIWT9GYH,False,None
18379,4,100,True,56,0.45,high,2014-04-21 13:18:22,2014-04-21 15:38:55,A19E4V3LJGWXX5,False,None
18380,1,0,True,93,0.25,low,2014-04-21 12:43:25,2014-04-21 12:44:40,AVAQ4AJU45K1U,False,None
18381,2,25,False,93,0.1,high,2014-04-21 16:42:42,2014-04-21 16:48:34,A30NC018LANBAR,False,None
18382,0,100,False,93,0.4,high,2014-04-21 14:35:12,2014-04-21 14:35:12,A3JZS32RQUWGJM,False,None
18383,2,0,False,93,0.2,high,2014-04-21 17:02:57,2014-04-21 17:05:12,AMS2DNBF8BGUM,False,None
18384,2,25,False,93,0.15,high,2014-04-21 13:58:07,2014-04-21 14:02:46,A34DH6K07PTLIK,False,None
18385,2,25,True,93,0.15,high,2014-04-21 14:00:59,2014-04-21 14:09:56,A34DJMHLTNMGBP,False,None
18386,0,50,False,56,0.3,high,2014-04-21 12:16:54,2014-04-21 12:16:54,A35ARURSRU6UAZ,False,None
18387,1,50,False,56,0.5,high,2014-04-21 14:45:17,2014-04-21 14:52:43,A1RI556NVWJKR6,False,None
18388,6,50,True,93,0.2,high,2014-04-21 17:06:17,2014-04-21 17:32:56,A3C1NMZV3I1MCM,False,None
18389,1,50,False,56,0.15,high,2014-04-21 16:47:19,2014-04-21 16:47:32,A251IZWNCICC1Y,False,None
18390,0,50,False,93,0.35,high,2014-04-21 17:44:57,2014-04-21 17:44:57,A22BQTBZLQETW4,False,None
18391,1,12.5,True,93,0.35,high,2014-04-21 15:43:20,2014-04-21 15:50:35,A2BF376OPAENK8,False,None
18392,0,25,True,93,0.1,high,2014-04-21 10:54:14,2014-04-21 10:54:14,A1ODHC7GKYB5QA,False,None
18393,0,75,True,56,0.2,high,2014-04-21 17:01:34,2014-04-21 17:01:34,A38YB0WUB8NQDX,False,None
18394,4,50,True,56,0.25,high,2014-04-21 11:55:10,2014-04-21 14:31:24,A5TYFL5KC57SF,False,None
18396,11,75,False,93,0.35,high,2014-04-21 14:24:29,2014-04-21 14:48:14,A3K6OL0FVTB9QB,False,None
18397,0,75,True,93,0.4,high,2014-04-21 16:09:24,2014-04-21 16:09:24,A1AXDUA5WRYNVD,False,None
18398,0,12.5,True,93,0.5,high,2014-04-21 13:37:25,2014-04-21 13:37:25,A28SFTKTGBSD9,False,None
18399,1,75,True,93,0.1,high,2014-04-21 16:44:36,2014-04-21 16:50:22,A1RDQFNF6LD25Z,False,None
18400,1,75,True,93,0.25,high,2014-04-21 14:14:19,2014-04-21 14:14:38,A184KIOUPMO2HX,False,None
18401,1,25,True,93,0.3,high,2014-04-21 17:34:39,2014-04-21 17:35:00,A2GK561TFAVTPY,False,None
18402,7,100,False,93,0.35,high,2014-04-21 12:47:30,2014-04-21 16:56:48,A3AHLSCP7TLRHD,False,None
18403,2,100,True,93,0.1,high,2014-04-21 10:54:20,2014-04-21 15:28:11,AIEPNTBM9BNSE,False,None
18404,0,50,True,56,0.35,high,2014-04-21 14:22:46,2014-04-21 14:22:46,A2AAY4VT9L71SY,False,None
18405,0,50,False,56,0.35,high,2014-04-21 15:38:18,2014-04-21 15:38:18,A3589IWAEH9BZR,False,None
18406,1,0,False,93,0.15,high,2014-04-21 11:14:54,2014-04-21 11:15:09,A8K7R12HJAEYO,False,None
18407,1,75,False,93,0.2,high,2014-04-21 15:17:28,2014-04-21 15:17:41,A2WRN1GAQEC9J2,False,None
18408,1,0,True,93,0.25,low,2014-04-21 12:59:00,2014-04-21 16:57:07,A1HCAA0VBTWB91,False,None
18409,50,12.5,False,93,0.35,high,2014-04-21 12:43:55,2014-04-21 15:09:03,A1HMS9OFOIJX0Q,False,None
18410,1,100,False,93,0.5,high,2014-04-21 16:23:29,2014-04-21 16:23:43,A3I6SILYWFT514,False,None
18411,1,100,False,93,0.15,high,2014-04-21 14:00:11,2014-04-21 14:00:14,A3FFFEP2XGDP9M,False,None
18412,1,0,False,93,0.45,high,2014-04-21 13:19:07,2014-04-21 13:19:28,A3HOFQQOQ5D47N,False,None
18413,1,12.5,False,93,0.25,high,2014-04-21 11:57:05,2014-04-21 11:57:19,A257HXNJM500W0,False,None
18414,4,0,True,93,0.25,low,2014-04-21 14:15:55,2014-04-21 15:03:00,A248D5XVN1YGCZ,False,None
18415,3,50,True,93,0.2,high,2014-04-21 11:48:00,2014-04-21 12:19:00,AJWL8N5L5TT6S,False,None
18416,0,12.5,True,93,0.3,high,2014-04-21 17:34:11,2014-04-21 17:34:11,AKUZT1DRRKXRR,False,None
18417,6,12.5,False,93,0.5,high,2014-04-21 14:48:12,2014-04-21 16:43:39,A1QCQE5XW37LN1,False,None
18418,3,12.5,False,93,0.2,high,2014-04-21 17:02:58,2014-04-21 17:07:53,A1725CBGE6ISGY,False,None
18419,6,25,True,56,0.15,high,2014-04-21 16:50:14,2014-04-21 17:22:42,A1NGO6LFIRBE2L,False,None
18420,0,75,False,56,0.25,high,2014-04-21 14:10:34,2014-04-21 14:10:34,A2AYC29C4PYCLD,False,None
18421,1,75,True,93,0.05,high,2014-04-21 13:45:44,2014-04-21 13:45:48,A2QND8A1ECIKQD,False,None
18422,2,75,False,93,0.05,high,2014-04-21 10:32:06,2014-04-21 10:35:29,A2FESUQF7EVFPV,False,None
18424,1,50,False,56,0.35,high,2014-04-21 12:40:57,2014-04-21 12:41:12,A3PUU1XU4C1A3V,False,None
18425,0,0,False,56,0.4,high,2014-04-21 15:44:21,2014-04-21 15:44:21,A2BERSBTHBGR6E,False,None
18426,1,75,True,93,0.25,high,2014-04-21 15:28:42,2014-04-21 15:28:46,A30Z11C993ISKW,False,None
18427,2,100,False,93,0.2,high,2014-04-21 14:05:44,2014-04-21 14:10:12,A1ZT613FB5NS9,False,None
18428,1,75,True,93,0.3,high,2014-04-21 12:37:50,2014-04-21 12:38:19,AJTMT25WMYGY4,False,None
18429,1,12.5,True,93,0.25,high,2014-04-21 15:27:18,2014-04-21 15:27:34,A2CZGKI3K6ZT7R,False,None
18430,3,50,True,93,0.5,high,2014-04-21 16:24:21,2014-04-21 17:59:46,A2SG4XZ9B2Y6U9,False,None
18431,1,75,False,56,0.45,high,2014-04-21 14:37:08,2014-04-21 14:37:20,A1XHFQKX09Y1RD,False,None
18432,0,100,False,56,0.35,high,2014-04-21 14:22:17,2014-04-21 14:22:17,AN8SUIGI03DLJ,False,None
18433,2,50,True,93,0.45,high,2014-04-21 14:42:24,2014-04-21 15:18:14,AX07WCQUVZDOB,False,None
18434,3,75,False,93,0.25,high,2014-04-21 15:26:52,2014-04-21 15:36:06,A2JE9SHYRRA1H9,False,None
18435,0,100,True,93,0.35,high,2014-04-21 17:56:19,2014-04-21 17:56:19,A1SE65F2EN67HH,False,None
18436,0,0,True,93,0.25,low,2014-04-21 15:20:11,2014-04-21 15:20:11,A1H231DLAQISV9,False,None
18438,0,0,True,93,0.35,high,2014-04-21 17:52:34,2014-04-21 17:52:34,AYY7JSAD0SGXL,False,None
18439,1,25,True,93,0.05,high,2014-04-21 13:44:37,2014-04-21 13:45:11,AG6VD3WGJIT3D,False,None
18440,2,75,True,93,0.35,high,2014-04-21 14:28:17,2014-04-21 14:44:33,A2S96WZ8RUD0BB,False,None
18441,1,12.5,False,56,0.4,high,2014-04-21 14:29:23,2014-04-21 14:29:41,ATNPYNSA58YEV,False,None
18442,0,75,False,56,0.05,high,2014-04-21 13:38:15,2014-04-21 13:38:15,A1HU9IOTYXB4YY,False,None
18443,1,12.5,True,56,0.1,high,2014-04-21 16:40:53,2014-04-21 16:41:00,ABGM4PRBW37RP,False,None
18444,1,0,True,93,0.25,high,2014-04-21 14:13:51,2014-04-21 14:14:01,AHI0P0U82SW5Y,False,None
18445,2,100,False,93,0.15,high,2014-04-21 16:53:10,2014-04-21 17:07:18,A5FDZ4DATXK0U,False,None
18446,2,50,False,56,0.2,high,2014-04-21 11:25:23,2014-04-21 11:29:45,A1UEI01VN6PP0N,False,None
18447,1,100,True,93,0.3,high,2014-04-21 12:38:34,2014-04-21 12:38:49,APWVBE7O5Q4MY,False,None
18448,1,12.5,True,93,0.25,high,2014-04-21 12:02:28,2014-04-21 12:02:50,AQ2NCBEEO4YDJ,False,None
18449,0,0,True,56,0.1,high,2014-04-21 10:42:47,2014-04-21 10:42:47,A3C6BPE5UJ9EHR,False,None
18450,1,100,True,56,0.1,high,2014-04-21 13:49:22,2014-04-21 13:49:48,A3VGZ0GXXNJIY8,False,None
18451,1,75,True,93,0.15,high,2014-04-21 11:22:09,2014-04-21 11:22:21,A2BD1STXRBNJ1Q,False,None
18452,1,0,True,56,0.4,high,2014-04-21 15:46:13,2014-04-21 15:46:41,AT8TYABSKT3MW,False,None
18453,2,100,True,56,0.5,high,2014-04-21 14:47:45,2014-04-21 15:10:22,A2FW5R5L3JTW9A,False,None
18454,0,100,True,93,0.45,high,2014-04-21 16:14:28,2014-04-21 16:14:28,A2B19LZYR2BL18,False,None
18455,2,75,False,93,0.15,high,2014-04-21 11:18:36,2014-04-21 11:27:21,A3F6SDO4GYBE4Y,False,None
18456,1,50,False,93,0.5,high,2014-04-21 14:48:46,2014-04-21 14:49:10,A13CMMPO3DQWI3,False,None
18457,0,0,True,93,0.15,high,2014-04-21 14:00:14,2014-04-21 14:00:14,A1XIAEEPS1B2M4,False,None
18458,1,75,False,56,0.1,high,2014-04-21 13:47:30,2014-04-21 13:47:59,A1PVKUXVLSZXP3,False,None
18459,1,50,False,56,0.35,high,2014-04-21 14:21:51,2014-04-21 14:21:53,A1JM1I8YRTOQ5Y,False,None
18460,2,50,False,93,0.05,high,2014-04-21 14:58:13,2014-04-21 15:22:59,A9BX0NXMVE3MP,False,None
18461,1,12.5,False,93,0.15,high,2014-04-21 13:57:43,2014-04-21 13:57:56,A3D9X7FW21C7XP,False,None
18462,0,75,True,93,0.5,high,2014-04-21 13:37:31,2014-04-21 13:37:31,A2ZH5LDUY5UFD4,False,None
18463,1,100,True,93,0.1,high,2014-04-21 16:44:59,2014-04-21 16:57:17,A2XUDSWDJXB91K,False,None
18464,1,12.5,False,56,0.15,high,2014-04-21 16:46:15,2014-04-21 16:49:30,A1LJKHC0NH9TIX,False,None
18465,1,0,True,93,0.25,low,2014-04-21 12:44:58,2014-04-21 12:45:17,A1UJHRMCWDHWS5,False,None
18466,1,50,True,56,0.05,high,2014-04-21 16:32:11,2014-04-21 16:40:11,A2JR1GWH41MLRB,False,None
18467,1,0,True,93,0.3,high,2014-04-21 17:33:37,2014-04-21 17:45:39,A1KBQA2A8U6SFM,False,None
18468,1,50,False,93,0.15,high,2014-04-21 16:52:48,2014-04-21 16:53:07,A2NUKIGRRJ89CK,False,None
18469,0,12.5,True,93,0.4,high,2014-04-21 15:51:56,2014-04-21 15:51:56,AFT06UGRPBTEQ,False,None
18470,0,0,False,93,0.4,high,2014-04-21 15:49:13,2014-04-21 15:49:13,AXVL79LAL2OPX,False,None
18471,3,75,False,56,0.05,high,2014-04-21 14:52:47,2014-04-21 14:56:45,A1CA46R2A6TV9W,False,None
18472,1,0,True,93,0.25,low,2014-04-21 13:57:31,2014-04-21 14:12:05,AYLNZEIH0RMSF,False,None
18473,1,25,False,56,0.05,high,2014-04-21 10:24:21,2014-04-21 10:24:41,A3GF1O8O5MJZUL,False,None
18474,1,25,True,93,0.5,high,2014-04-21 16:24:13,2014-04-21 16:24:31,A1E38ZZ3T2R9F5,False,None
18476,0,0,False,56,0.2,high,2014-04-21 15:12:20,2014-04-21 15:12:20,A1FB3POB4Q0CDO,False,None
18477,0,100,True,93,0.2,high,2014-04-21 17:07:35,2014-04-21 17:07:35,ADJ9I7ZBFYFH7,False,None
18478,1,25,False,56,0.25,high,2014-04-21 14:09:57,2014-04-21 17:16:36,AE1EFV0F152YV,False,None
18479,1,25,True,93,0.5,high,2014-04-21 14:51:22,2014-04-21 15:04:29,A355HOQUSI7GID,False,None
18480,0,12.5,False,56,0.3,high,2014-04-21 15:30:05,2014-04-21 15:30:05,A2G40S8B4K13NA,False,None
18481,1,0,True,56,0.5,high,2014-04-21 14:46:13,2014-04-21 14:46:18,A30Z1RII55HVY0,False,None
18482,1,0,True,56,0.1,high,2014-04-21 16:40:00,2014-04-21 16:40:22,A1H61QVQVP524I,False,None
18483,2,0,True,93,0.25,low,2014-04-21 15:33:16,2014-04-21 15:45:59,A3HYBNPKW2CVQL,False,None
18484,1,75,True,56,0.45,high,2014-04-21 16:10:26,2014-04-21 16:10:38,A15B9VEG75OAPW,False,None
18485,16,12.5,True,93,0.2,high,2014-04-21 15:18:36,2014-04-21 17:47:43,ALLX0XGVTM1BM,False,None
18486,7,25,False,56,0.45,high,2014-04-21 14:36:53,2014-04-21 14:52:39,AUQ79MANVDU9B,False,None
18487,0,100,False,56,0.05,high,2014-04-21 13:38:50,2014-04-21 13:38:50,A1J4BNCH0HIQ98,False,None
18488,1,0,True,93,0.25,high,2014-04-21 12:02:06,2014-04-21 12:02:12,APE1LWB66095Z,False,None
18489,5,25,False,56,0.5,high,2014-04-21 13:27:33,2014-04-21 13:47:14,A2CUTAQDEGNICM,False,None
18490,1,100,False,93,0.2,high,2014-04-21 11:44:18,2014-04-21 11:51:19,A2P25BBIJWVQXM,False,None
18491,0,12.5,False,93,0.1,high,2014-04-21 10:48:56,2014-04-21 10:48:56,A2YFPO0N4GIS25,False,None
18492,0,75,False,56,0.4,high,2014-04-21 15:45:25,2014-04-21 15:45:25,A1SWAG6ZP6SNNW,False,None
18493,0,75,False,56,0.05,high,2014-04-21 16:27:56,2014-04-21 16:27:56,A1T6QVMIXF74FF,False,None
18494,0,100,True,93,0.35,high,2014-04-21 12:54:27,2014-04-21 12:54:27,A3G3KBCDA9L2C4,False,None
18495,2,0,True,93,0.25,low,2014-04-21 13:57:37,2014-04-21 14:10:56,A2KQOWNK3633R9,False,None
18496,1,12.5,False,56,0.15,high,2014-04-21 10:55:09,2014-04-21 10:59:37,ACVEFRSUAPSEQ,False,None
18497,0,50,False,56,0.1,high,2014-04-21 10:40:58,2014-04-21 10:40:58,A9J48W1C9IZAI,False,None
18498,15,12.5,True,93,0.3,high,2014-04-21 14:19:36,2014-04-21 17:54:19,AOZUH34LIFNTA,False,None
18499,1,0,False,56,0.45,high,2014-04-21 16:09:27,2014-04-21 16:20:10,A37BU4T906EXCT,False,None
18500,0,50,True,56,0.2,high,2014-04-21 11:39:17,2014-04-21 11:39:17,A24B3SUCSASXTV,False,None
18501,0,100,True,93,0.4,high,2014-04-21 14:36:34,2014-04-21 14:36:34,A3DRZTFFWOKXCT,False,None
18502,0,75,True,56,0.15,high,2014-04-21 11:12:20,2014-04-21 11:12:20,AHNM1CHIFW4HM,False,None
18503,1,12.5,True,56,0.2,high,2014-04-21 16:58:56,2014-04-21 16:59:03,A12WRJ2ZMDW3SU,False,None
18504,2,75,True,56,0.45,high,2014-04-21 14:38:37,2014-04-21 14:57:24,A3A2LG1T1GCTJ9,False,None
18505,1,0,True,56,0.35,high,2014-04-21 17:40:56,2014-04-21 17:55:52,A05468182BMYGSEVPONMN,False,None
18506,2,0,True,93,0.25,low,2014-04-21 16:13:46,2014-04-21 17:09:31,A1XUZFDVKP95VC,False,None
18507,1,0,True,93,0.1,high,2014-04-21 16:43:24,2014-04-21 16:43:32,A1MZ4GGMQOEJGK,False,None
18508,8,50,False,93,0.3,high,2014-04-21 12:31:13,2014-04-21 13:35:48,A28O8FQSUWMXJV,False,None
18510,4,12.5,True,56,0.3,high,2014-04-21 14:17:00,2014-04-21 14:42:01,A37I58C4258IPX,False,None
18511,0,50,False,93,0.1,high,2014-04-21 13:50:40,2014-04-21 13:50:40,A256FHXGSY0E5D,False,None
18513,1,25,False,93,0.15,high,2014-04-21 15:09:40,2014-04-21 15:09:53,A168QTAPENCTDP,False,None
18514,2,0,False,93,0.15,high,2014-04-21 15:09:30,2014-04-21 17:13:10,A3P3ZBWHQYRS3P,False,None
18515,0,75,False,56,0.35,high,2014-04-21 14:22:02,2014-04-21 14:22:02,AQV468FB908WI,False,None
18516,1,50,False,56,0.25,high,2014-04-21 15:20:36,2014-04-21 15:20:39,A17ZWDBNNHPHXL,False,None
18517,0,50,False,56,0.05,high,2014-04-21 10:24:39,2014-04-21 10:24:39,AEVU71Z2FDTUX,False,None
18519,3,50,True,93,0.15,high,2014-04-21 15:11:04,2014-04-21 17:19:52,AWNUR5K1T1MWM,False,None
18520,2,0,False,93,0.35,high,2014-04-21 15:39:39,2014-04-21 15:44:45,A3S9OCQN35XMQ7,False,None
18521,0,75,True,56,0.2,high,2014-04-21 15:15:04,2014-04-21 15:15:04,A2O482PAJM294U,False,None
18522,0,12.5,False,56,0.3,high,2014-04-21 14:15:35,2014-04-21 14:15:35,A1LRRDBA84ITCJ,False,None
18523,1,12.5,True,93,0.05,high,2014-04-21 13:43:28,2014-04-21 13:44:12,A8LVJCKG5JYS9,False,None
18524,2,50,False,56,0.05,high,2014-04-21 13:37:51,2014-04-21 13:46:13,A1LRFNK3E452GS,False,None
18525,0,50,True,93,0.5,high,2014-04-21 13:37:29,2014-04-21 13:37:29,A2YKFDGF4WVI1O,False,None
18526,0,100,False,56,0.25,high,2014-04-21 17:12:53,2014-04-21 17:12:53,A1EITLFAMKA61U,False,None
18527,1,75,True,56,0.1,high,2014-04-21 10:46:13,2014-04-21 10:46:23,AW4AHMQ7EN4QI,False,None
18528,3,0,False,56,0.15,high,2014-04-21 16:45:11,2014-04-21 17:02:08,A1IIRA7QMMKU4A,False,None
18529,1,0,True,56,0.45,high,2014-04-21 16:10:09,2014-04-21 16:26:37,A1VIKMTWX0JA3E,False,None
18530,3,50,False,93,0.4,high,2014-04-21 15:50:16,2014-04-21 16:24:26,A2JFH6UKUUXSHH,False,None
18531,1,12.5,False,56,0.45,high,2014-04-21 16:09:29,2014-04-21 16:18:43,A2YTOX7SEDJ1TC,False,None
18532,1,75,False,93,0.15,high,2014-04-21 15:10:33,2014-04-21 15:10:55,A3NI7KS3MIX1SO,False,None
18533,2,25,False,56,0.35,high,2014-04-21 14:21:37,2014-04-21 14:26:54,A3I9LB2O58MKV1,False,None
18534,1,50,False,93,0.1,high,2014-04-21 16:42:54,2014-04-21 16:43:05,A2TZY6ZXFW2B9D,False,None
18535,0,100,False,93,0.1,high,2014-04-21 13:51:16,2014-04-21 13:51:16,ANMXMEB55AGM6,False,None
18536,6,12.5,False,93,0.15,high,2014-04-21 16:52:07,2014-04-21 17:12:16,AZD3OHLK0PCO8,False,None
18537,0,12.5,True,93,0.15,high,2014-04-21 16:53:53,2014-04-21 16:53:53,A1T6EY2JB6S5ZZ,False,None
18538,0,100,False,56,0.45,high,2014-04-21 13:14:42,2014-04-21 13:14:42,A1XDXU43RJY8X7,False,None
18539,1,75,False,93,0.45,high,2014-04-21 16:11:47,2014-04-21 16:11:54,A3CFBT2CBQQIZY,False,None
18540,0,50,True,93,0.35,high,2014-04-21 15:43:49,2014-04-21 15:43:49,A1X20ZJAMHGMCD,False,None
18541,1,75,True,56,0.3,high,2014-04-21 15:33:33,2014-04-21 15:33:39,A3BHD6HK03RHAV,False,None
18542,4,75,False,93,0.5,high,2014-04-21 16:23:29,2014-04-21 16:57:37,ASZN4DE1GIGKD,False,None
18543,51,50,True,93,0.3,high,2014-04-21 12:37:27,2014-04-21 16:28:32,A31JNNBLVM3LDN,True,None
18544,0,50,False,56,0.25,high,2014-04-21 14:10:27,2014-04-21 14:10:27,A24UO1UN0P7O0M,False,None
18545,0,75,True,56,0.05,high,2014-04-21 13:40:08,2014-04-21 13:40:08,AP7BOM5KUH8KV,False,None
18546,0,100,True,56,0.25,high,2014-04-21 11:56:41,2014-04-21 11:56:41,A1F4D2PZ7NNWTL,False,None
18547,2,75,False,56,0.25,high,2014-04-21 17:12:49,2014-04-21 17:21:12,ANL8V8NMQIDQG,False,None
18548,2,50,False,93,0.4,high,2014-04-21 13:07:09,2014-04-21 13:44:18,A2W59CL4UQ3S4S,False,None
18550,0,25,True,93,0.45,high,2014-04-21 13:25:27,2014-04-21 13:25:27,A2K3X4CA37XPFP,False,None
18551,1,0,True,56,0.2,high,2014-04-21 11:27:05,2014-04-21 11:27:20,A1CFUMXK9QFT9M,False,None
18552,1,12.5,True,56,0.1,high,2014-04-21 10:43:59,2014-04-21 10:44:22,A32H5INU9CYMCI,False,None
18553,3,25,True,93,0.2,high,2014-04-21 17:05:15,2014-04-21 17:26:56,A1W8DQ6S1M33WS,False,None
18554,3,12.5,True,93,0.1,high,2014-04-21 15:07:35,2014-04-21 15:28:31,A3CMYDOBJD25G0,False,None
18555,2,100,True,56,0.3,high,2014-04-21 14:18:24,2014-04-21 14:53:21,A26GDUUFGPAYUL,False,None
18556,11,75,False,56,0.35,high,2014-04-21 15:38:34,2014-04-21 17:29:58,AI258R8HU53PT,False,None
18557,1,50,True,56,0.2,high,2014-04-21 15:14:55,2014-04-21 15:15:07,ASDKBXZBSJNZD,False,None
18558,0,50,True,93,0.1,high,2014-04-21 15:07:35,2014-04-21 15:07:35,A2TKV2IA47WWMA,False,None
18559,0,0,True,93,0.25,low,2014-04-21 14:06:06,2014-04-21 14:06:06,A3OCVVOUP3BPYT,False,None
18560,1,50,False,93,0.3,high,2014-04-21 15:35:10,2014-04-21 15:35:25,A2XU25VV4FCV85,False,None
18561,1,12.5,False,93,0.2,high,2014-04-21 15:16:20,2014-04-21 15:22:58,AN7N48J4MI9Y,False,None
18562,0,50,False,93,0.35,high,2014-04-21 12:45:15,2014-04-21 12:45:15,A14RL0RTNY8VO0,False,None
18563,11,0,True,56,0.3,high,2014-04-21 14:16:59,2014-04-21 17:09:09,AD1UK5JN3KVY1,False,None
18564,1,100,True,93,0.05,high,2014-04-21 15:01:44,2014-04-21 15:01:56,A3I4M0M5AIUKF1,False,None
18565,0,0,True,93,0.25,low,2014-04-21 16:10:20,2014-04-21 16:10:20,A3A69FI0KKHXEG,False,None
18566,1,0,True,93,0.35,high,2014-04-21 15:43:06,2014-04-21 15:43:24,AKWJ5294VIZRR,False,None
18567,0,75,True,56,0.15,high,2014-04-21 15:09:09,2014-04-21 15:09:09,A1JNPLKP0X1FN2,False,None
18568,1,12.5,True,93,0.05,high,2014-04-21 16:35:36,2014-04-21 16:36:03,AUGW5J91H9DIQ,False,None
18569,10,50,False,93,0.35,high,2014-04-21 14:24:24,2014-04-21 15:08:34,A2XQ0YXE429I1I,False,None
18570,0,25,False,56,0.4,high,2014-04-21 14:29:59,2014-04-21 14:29:59,A3G00Q5JV2BE5G,False,None
18571,1,12.5,False,56,0.15,high,2014-04-21 13:55:13,2014-04-21 13:55:29,A8GQLPUB2SG5Z,False,None
18572,1,0,False,93,0.1,high,2014-04-21 16:42:25,2014-04-21 16:42:46,A1ZIFC5AFQCDZT,False,None
18573,0,0,True,93,0.25,low,2014-04-21 14:01:41,2014-04-21 14:01:41,A2R07W1GEVTICX,False,None
18574,0,12.5,False,56,0.3,high,2014-04-21 12:11:43,2014-04-21 12:11:43,A1XSL223UP6NMI,False,None
18575,1,0,False,93,0.5,high,2014-04-21 16:21:00,2014-04-21 16:21:12,A7OC39K6OS930,False,None
18576,2,0,False,93,0.1,high,2014-04-21 15:05:50,2014-04-21 15:12:11,A166A2M31CW2C7,False,None
18577,1,25,False,56,0.05,high,2014-04-21 13:37:51,2014-04-21 13:38:10,A29S2DNUBT7POD,False,None
18578,1,100,False,93,0.1,high,2014-04-21 10:52:55,2014-04-21 10:53:17,A2XMOC6OWCWXY,False,None
18579,0,75,False,93,0.25,high,2014-04-21 11:58:16,2014-04-21 11:58:16,AMSD0JV1W7V9F,False,None
18580,0,12.5,False,93,0.15,high,2014-04-21 15:09:34,2014-04-21 15:09:34,ADO3E8JI6YKL6,False,None
18581,0,25,True,56,0.2,high,2014-04-21 14:03:11,2014-04-21 14:03:11,A347XXV5JH19PB,False,None
18582,2,0,False,93,0.45,high,2014-04-21 14:39:02,2014-04-21 16:46:00,A34QVV6QUHYMST,False,None
18583,16,0,False,56,0.5,high,2014-04-21 14:42:55,2014-04-21 17:57:45,A29CDNAEFXLD4C,False,None
18584,1,25,False,56,0.25,high,2014-04-21 11:52:34,2014-04-21 11:52:47,A43GFPVRVMK9S,False,None
18586,2,50,False,93,0.3,high,2014-04-21 14:19:00,2014-04-21 14:28:20,A577OIB1HFCG1,False,None
18587,1,25,False,93,0.2,high,2014-04-21 11:43:33,2014-04-21 11:43:49,A3HRQQ656Z26DM,False,None
18588,1,12.5,False,56,0.1,high,2014-04-21 16:38:47,2014-04-21 16:39:01,A1WE7JOOWZSMHF,False,None
18589,1,75,True,56,0.3,high,2014-04-21 14:17:40,2014-04-21 14:17:50,A2GO6DOQRJ00LT,False,None
18590,0,25,True,93,0.3,high,2014-04-21 12:37:21,2014-04-21 12:37:21,A3DDFEQ9K0H93C,False,None
18593,0,75,False,93,0.15,high,2014-04-21 13:59:34,2014-04-21 13:59:34,A2MOSNEX4E7G1P,False,None
18594,2,50,True,93,0.1,high,2014-04-21 16:44:17,2014-04-21 16:54:52,A24U1CVP9MPV24,False,None
18595,0,0,True,93,0.25,low,2014-04-21 14:19:31,2014-04-21 14:19:31,AFS0SI5M6OKH8,False,None
18596,0,0,False,93,0.05,high,2014-04-21 16:33:05,2014-04-21 16:33:05,A1WGSW0SLN4Y91,False,None
18598,3,12.5,False,93,0.4,high,2014-04-21 15:49:46,2014-04-21 16:18:33,AIHMZCVRHFVWC,False,None
18599,1,50,True,93,0.05,high,2014-04-21 13:44:51,2014-04-21 13:45:20,A112PMIW0WLZH5,False,None
18600,1,12.5,True,93,0.35,high,2014-04-21 12:48:26,2014-04-21 12:48:37,A1YQJGPW6E59Z8,False,None
18601,0,0,True,93,0.25,low,2014-04-21 18:09:04,2014-04-21 18:09:04,A27RTHQO6ULOLW,False,None
18602,0,75,True,93,0.2,high,2014-04-21 17:07:19,2014-04-21 17:07:19,ADJ4PO7Z99CDI,False,None
18603,0,50,True,56,0.1,high,2014-04-21 15:05:44,2014-04-21 15:05:44,A3M3X0BDWGT4D7,False,None
18604,0,25,False,93,0.3,high,2014-04-21 14:18:40,2014-04-21 14:18:40,AI885RNRGVIFM,False,None
18605,29,50,False,56,0.1,high,2014-04-21 13:47:21,2014-04-21 15:41:24,ACXKO7WRVOXWQ,False,None
18606,2,0,True,56,0.3,high,2014-04-21 15:32:42,2014-04-21 15:51:41,A2YI9G0SWZHV5F,False,None
18607,1,0,True,56,0.35,high,2014-04-21 15:39:00,2014-04-21 15:39:13,A2FEHZDDWWSY8I,False,None
18608,1,25,False,93,0.1,high,2014-04-21 15:07:06,2014-04-21 15:07:08,A1WT1YPYCS2UYI,False,None
18609,2,0,True,93,0.25,low,2014-04-21 16:54:07,2014-04-21 17:18:20,A2E1JK9OKUC98E,False,None
18610,0,25,False,93,0.15,high,2014-04-21 11:16:46,2014-04-21 11:16:46,AN3KR7C1SLYY3,False,None
18611,0,0,True,93,0.2,high,2014-04-21 11:44:27,2014-04-21 11:44:27,A21CTVLY9GLBYP,False,None
18613,1,0,True,56,0.05,high,2014-04-21 16:29:17,2014-04-21 16:29:32,A113DG99GYN2FB,False,None
18614,1,0,True,93,0.05,high,2014-04-21 14:58:58,2014-04-21 15:07:00,A24B88MQE4DIH2,False,None
18615,0,12.5,True,56,0.45,high,2014-04-21 13:15:35,2014-04-21 13:15:35,A3FFZN4FO3Q789,False,None
18616,1,25,True,56,0.3,high,2014-04-21 12:20:21,2014-04-21 12:20:51,A4ZL73EIYDXTX,False,None
18617,0,0,True,93,0.25,low,2014-04-21 17:21:26,2014-04-21 17:21:26,A2SDLIX0RCXBJN,False,None
18618,1,100,True,93,0.2,high,2014-04-21 14:07:24,2014-04-21 14:07:31,A1E9W9198N24QL,False,None
18619,1,75,True,93,0.05,high,2014-04-21 14:59:43,2014-04-21 14:59:56,AULC5HR1BBHMA,False,None
18620,1,50,True,93,0.05,high,2014-04-21 14:59:32,2014-04-21 14:59:41,A3NOYN845TEJIH,False,None
18621,1,12.5,True,93,0.15,high,2014-04-21 11:20:04,2014-04-21 11:20:11,A2XJCQWVAZLW69,False,None
18622,0,25,False,93,0.2,high,2014-04-21 14:04:25,2014-04-21 14:04:25,AALHA10KJZX0O,False,None
18623,1,100,True,93,0.45,high,2014-04-21 14:42:55,2014-04-21 14:43:11,A1G9HRCWBX9F31,False,None
18624,0,100,True,93,0.1,high,2014-04-21 13:53:36,2014-04-21 13:53:36,AKLV0WIZZ356X,False,None
18626,0,0,True,56,0.35,high,2014-04-21 14:22:27,2014-04-21 14:22:27,A11YOOX5ZN0Z9C,False,None
18627,1,0,True,93,0.25,low,2014-04-21 11:57:35,2014-04-21 11:58:03,A7K79O7QPK86A,False,None
18628,2,25,True,93,0.05,high,2014-04-21 10:34:24,2014-04-21 10:54:30,A2NOH4CMQ8XH6,False,None
18629,1,0,False,56,0.15,high,2014-04-21 10:54:22,2014-04-21 10:54:39,A8QBRMRT9DO6T,False,None
18630,7,75,False,56,0.2,high,2014-04-21 16:57:34,2014-04-21 18:11:15,A2CDYELY8KAC3H,False,None
18631,1,100,True,56,0.1,high,2014-04-21 16:42:25,2014-04-21 16:42:42,AHR0E6YETRLIY,False,None
18632,1,0,True,93,0.25,low,2014-04-21 16:09:41,2014-04-21 17:16:32,A3PKRRJR7IXFY7,False,None
18633,1,0,False,56,0.2,high,2014-04-21 16:56:23,2014-04-21 16:56:53,A248ARSA6FS20S,False,None
18634,4,0,True,93,0.2,high,2014-04-21 14:06:00,2014-04-21 15:30:20,A3J57G3L42PDR4,False,None
18635,1,0,False,93,0.15,high,2014-04-21 16:50:51,2014-04-21 16:51:01,A2NKE99I9M8EP3,False,None
18636,1,25,True,93,0.1,high,2014-04-21 15:07:35,2014-04-21 15:07:57,A339XOY8DU2UWE,False,None
18637,0,0,True,56,0.4,high,2014-04-21 18:02:25,2014-04-21 18:02:25,A28P3ZGZB3XG9P,False,None
18638,4,50,True,93,0.25,high,2014-04-21 14:14:12,2014-04-21 17:17:23,A12ZPHBEIHN8U7,False,None
18639,6,50,True,93,0.2,high,2014-04-21 15:19:08,2014-04-21 15:42:08,AO07NDU5XFGC8,False,None
18640,0,100,True,93,0.1,high,2014-04-21 15:07:57,2014-04-21 15:07:57,A13P7QQDWVU76V,False,None
18641,0,100,False,93,0.4,high,2014-04-21 13:07:27,2014-04-21 13:07:27,A39YBLQYIUBR76,False,None
18642,1,12.5,True,93,0.45,high,2014-04-21 14:42:17,2014-04-21 14:45:13,A15ZKFLGH23NUP,False,None
18643,0,100,True,56,0.15,high,2014-04-21 13:57:41,2014-04-21 13:57:41,A5ZWYI3H052FT,False,None
18644,0,12.5,False,93,0.5,high,2014-04-21 13:36:17,2014-04-21 13:36:17,A3FYJQQRZL4KJ8,False,None
18645,0,25,True,93,0.15,high,2014-04-21 11:20:49,2014-04-21 11:20:49,A2YDKZI930GXVP,False,None
18646,0,50,True,56,0.05,high,2014-04-21 10:29:29,2014-04-21 10:29:29,A1Z7QTDFX7ZM2O,False,None
18647,15,0,False,56,0.35,high,2014-04-21 12:38:45,2014-04-21 16:17:02,A1H15MJN0OA825,False,None
18648,0,12.5,True,93,0.15,high,2014-04-21 15:10:50,2014-04-21 15:10:50,A1BAEFJ2OG7NJ0,False,None
18649,4,25,True,93,0.2,high,2014-04-21 14:06:11,2014-04-21 14:36:40,ASA8VDVY04TF0,False,None
18650,2,12.5,False,56,0.3,high,2014-04-21 17:22:56,2014-04-21 17:28:26,A2NN2MMZOI6NVN,False,None
18651,1,12.5,False,56,0.35,high,2014-04-21 14:21:26,2014-04-21 14:21:45,A1PCVZIN9FV7FF,False,None
18652,1,25,True,56,0.25,high,2014-04-21 17:13:30,2014-04-21 17:13:58,A27VBVMMEX9GJB,False,None
18653,50,50,False,56,0.45,high,2014-04-21 13:13:52,2014-04-21 15:52:01,A3D5B9OIWI8RFL,False,None
18654,1,0,False,93,0.25,high,2014-04-21 15:26:04,2014-04-21 15:26:40,A2RGI4B1AO3ATN,False,None
18655,2,25,True,56,0.3,high,2014-04-21 14:17:11,2014-04-21 16:31:56,A2N701P8CHDKTT,False,None
18656,1,0,True,93,0.35,high,2014-04-21 12:47:45,2014-04-21 12:59:43,AQYRJRDT771IW,False,None
18657,2,75,False,93,0.2,high,2014-04-21 14:05:40,2014-04-21 14:15:05,A2S52C5HZ112WU,False,None
18658,0,25,False,93,0.05,high,2014-04-21 13:41:59,2014-04-21 13:41:59,A2IGECVAX479LO,False,None
18659,1,25,True,56,0.5,high,2014-04-21 13:29:32,2014-04-21 13:29:49,AUS4V6DPMOSEP,False,None
18660,2,100,True,93,0.25,high,2014-04-21 15:29:38,2014-04-21 15:41:33,A3FO5ZSKKMM7ZA,False,None
18661,0,100,True,56,0.05,high,2014-04-21 13:41:34,2014-04-21 13:41:34,A2E54YGTFB751M,False,None
18662,0,0,True,93,0.25,low,2014-04-21 14:03:22,2014-04-21 14:03:22,AJXGV70V3PDOC,False,None
18663,1,100,False,56,0.4,high,2014-04-21 18:01:50,2014-04-21 18:02:12,A1MR7D47A08P4Y,False,None
18664,4,12.5,False,93,0.15,high,2014-04-21 11:16:02,2014-04-21 16:44:18,A36JZTUKQVV5S5,False,None
18665,1,0,True,93,0.15,high,2014-04-21 11:19:09,2014-04-21 11:19:36,AI23IT17TZ2ZJ,False,None
18666,0,25,True,93,0.25,high,2014-04-21 15:27:19,2014-04-21 15:27:19,A3CV1PISJ0FRVE,False,None
18667,0,0,True,93,0.25,low,2014-04-21 13:07:04,2014-04-21 13:07:04,A2A1KCORH7FMKC,False,None
18668,1,100,False,56,0.25,high,2014-04-21 11:53:14,2014-04-21 11:53:28,A2QU2REN7PGNCX,False,None
18669,2,25,True,56,0.35,high,2014-04-21 17:42:03,2014-04-21 17:50:36,AN1H7SQKQSWS3,False,None
18670,2,100,True,56,0.35,high,2014-04-21 14:23:42,2014-04-21 14:31:00,A3O2HLMXTVCIXC,False,None
18671,0,0,False,93,0.1,high,2014-04-21 13:49:31,2014-04-21 13:49:31,A1NJ1IJLKAS0Y4,False,None
18672,2,0,True,93,0.25,low,2014-04-21 13:27:02,2014-04-21 13:43:28,A1TI3ST4P5N1KG,False,None
18673,1,25,True,56,0.2,high,2014-04-21 11:32:17,2014-04-21 11:32:33,A2FP43RU9D8Q3S,False,None
18674,1,50,True,93,0.35,high,2014-04-21 17:55:26,2014-04-21 17:55:45,A3LSAKE6W6F7YW,False,None
18675,2,25,True,56,0.2,high,2014-04-21 17:00:45,2014-04-21 17:18:40,A2M3KQ9CKP7YW,False,None
18676,3,75,False,56,0.35,high,2014-04-21 17:39:13,2014-04-21 18:14:24,A1JQMAYHDAQKTI,False,None
18677,6,75,True,93,0.5,high,2014-04-21 14:51:45,2014-04-21 17:36:11,A22DFGUDW3EZAY,False,None
18678,2,12.5,True,56,0.35,high,2014-04-21 15:39:10,2014-04-21 16:09:38,AP9SN9E03281Z,False,None
18679,0,100,True,93,0.4,high,2014-04-21 13:10:53,2014-04-21 13:10:53,A3BBU6BVZNLE8C,False,None
18680,0,12.5,True,56,0.25,high,2014-04-21 17:13:02,2014-04-21 17:13:02,A1OL25WY0BYMMH,False,None
18681,0,50,True,56,0.5,high,2014-04-21 16:19:09,2014-04-21 16:19:09,A1EGJ0KJG2QFB4,False,None
18682,0,50,True,56,0.45,high,2014-04-21 14:38:03,2014-04-21 14:38:03,A3BXSMRCP1I2UN,False,None
18683,4,12.5,False,93,0.05,high,2014-04-21 16:33:11,2014-04-21 17:27:53,A85L4DYDS13N7,False,None
18684,3,100,True,56,0.5,high,2014-04-21 13:36:07,2014-04-21 14:06:06,A2EA369RYI4L86,False,None
18685,1,50,False,93,0.45,high,2014-04-21 13:20:56,2014-04-21 13:21:09,A2A8DB0GJXQ0S5,False,None
18686,1,100,True,56,0.1,high,2014-04-21 15:05:49,2014-04-21 15:05:59,A3D4AVGOSJKN3W,False,None
18687,1,25,True,56,0.4,high,2014-04-21 14:33:04,2014-04-21 14:33:49,A150NFHME4R69D,False,None
18688,0,100,True,56,0.3,high,2014-04-21 17:28:44,2014-04-21 17:28:44,A3AIX82WZQZB5A,False,None
18689,1,75,False,93,0.05,high,2014-04-21 13:42:45,2014-04-21 13:43:04,AZBHNUDNMNXRO,False,None
18690,2,100,False,56,0.4,high,2014-04-21 13:03:21,2014-04-21 13:16:49,A172TQOYBJPMA7,False,None
18691,14,100,False,56,0.5,high,2014-04-21 16:16:27,2014-04-21 17:18:50,A1DEM7D620T7X,False,None
18692,0,12.5,False,93,0.2,high,2014-04-21 11:42:41,2014-04-21 11:42:41,A25UMSG5I4A82E,False,None
18693,2,75,False,56,0.45,high,2014-04-21 13:14:20,2014-04-21 13:40:16,ANMWPCK7TJMZ8,False,None
18694,1,25,False,56,0.35,high,2014-04-21 15:38:15,2014-04-21 15:38:23,A1MLPMXUMGFT6L,False,None
18695,0,50,True,56,0.25,high,2014-04-21 15:23:45,2014-04-21 15:23:45,ABT7QTMIYXYO0,False,None
18696,0,50,True,93,0.2,high,2014-04-21 14:06:43,2014-04-21 14:06:43,A1L2N1X8U8Z3W7,False,None
18697,1,0,False,93,0.1,high,2014-04-21 10:48:28,2014-04-21 10:50:25,A3BL2ZEODD79AZ,False,None
18698,0,0,False,93,0.4,high,2014-04-21 18:07:39,2014-04-21 18:07:39,A1Z4JOZOAK59S2,False,None
18699,1,12.5,False,93,0.2,high,2014-04-21 14:04:17,2014-04-21 14:04:31,A1GD3MQELM1R9M,False,None
18700,2,100,False,56,0.2,high,2014-04-21 11:26:25,2014-04-21 11:52:56,AZT3TWWD6TP28,False,None
18701,1,12.5,False,56,0.05,high,2014-04-21 10:22:00,2014-04-21 10:22:15,A1XIFPI36695GY,False,None
18702,1,75,True,56,0.35,high,2014-04-21 14:22:51,2014-04-21 14:22:55,A3NPYIGN1MP121,False,None
18703,0,50,True,93,0.45,high,2014-04-21 16:14:03,2014-04-21 16:14:03,A2NPNKSW89BODS,False,None
18704,0,25,True,56,0.2,high,2014-04-21 15:14:50,2014-04-21 15:14:50,AUUAFG5DUF89I,False,None
18705,1,75,True,56,0.25,high,2014-04-21 17:14:27,2014-04-21 17:15:13,A3F429NG3VF75Z,False,None
18706,0,100,False,93,0.2,high,2014-04-21 15:17:34,2014-04-21 15:17:34,AOJJKHK2TVFPC,False,None
18707,1,25,True,56,0.5,high,2014-04-21 14:47:15,2014-04-21 14:47:23,A1OBWGLS5LRLT3,False,None
18708,1,0,True,93,0.25,low,2014-04-21 14:11:35,2014-04-21 14:11:38,A3IOJ9KHFZ1ULR,False,None
18709,0,100,False,56,0.35,high,2014-04-21 12:41:25,2014-04-21 12:41:25,A3NBD6P0INJB4G,False,None
18710,0,0,True,93,0.2,high,2014-04-21 15:17:51,2014-04-21 15:17:51,A5CJOQXGI8LDM,False,None
18711,0,0,False,56,0.05,high,2014-04-21 10:20:09,2014-04-21 10:20:09,A1M0CGZI1WCAO0,False,None
18712,1,0,True,93,0.25,low,2014-04-21 16:10:10,2014-04-21 16:17:21,AP6A4K0TY5TTM,False,None
18713,4,0,True,56,0.15,high,2014-04-21 11:04:12,2014-04-21 15:33:08,A8L5RNX6DULFL,False,None
18714,1,12.5,False,93,0.1,high,2014-04-21 15:06:00,2014-04-21 15:06:59,A1ZFLC209CRCWR,False,None
18715,3,25,True,56,0.15,high,2014-04-21 13:57:36,2014-04-21 14:36:02,A3T68OBEBCKJF7,False,None
18716,0,50,False,56,0.05,high,2014-04-21 16:27:38,2014-04-21 16:27:38,A2CW8CQCOPMCYA,False,None
18717,3,0,False,56,0.15,high,2014-04-21 13:54:28,2014-04-21 14:14:49,APTXB9DRE0G4E,False,None
18719,13,0,True,56,0.2,high,2014-04-21 15:13:58,2014-04-21 16:09:30,A1JJLGW8YEY5SQ,False,None
18720,1,12.5,True,56,0.2,high,2014-04-21 11:28:22,2014-04-21 11:28:27,A2DWQF4ZHHBLOW,False,None
18721,1,75,True,93,0.35,high,2014-04-21 15:43:57,2014-04-21 15:44:00,A2U7UKQCDUYAZ2,False,None
18722,2,50,True,56,0.35,high,2014-04-21 15:39:29,2014-04-21 15:49:58,A3UMKT8RU5J7DJ,False,None
18723,0,25,True,56,0.1,high,2014-04-21 15:05:35,2014-04-21 15:05:35,A2QBRIK4G0WCBE,False,None
18724,3,12.5,False,93,0.25,high,2014-04-21 14:12:51,2014-04-21 14:20:14,A1RDT8BS8A8S76,False,None
18725,0,0,True,93,0.25,low,2014-04-21 12:41:35,2014-04-21 12:41:35,A25GVZYDAMY6E8,False,None
18726,3,50,False,56,0.1,high,2014-04-21 16:38:59,2014-04-21 16:47:15,A3BR45GNCLC6ZT,False,None
18727,0,0,True,56,0.45,high,2014-04-21 14:37:20,2014-04-21 14:37:20,A3I9UOCM5EXMR2,False,None
18728,0,12.5,False,56,0.25,high,2014-04-21 11:52:17,2014-04-21 11:52:17,A70AS0KVKADBY,False,None
18729,0,100,False,56,0.15,high,2014-04-21 15:08:33,2014-04-21 15:08:33,AGVAY3FTPAVLQ,False,None
18730,0,12.5,False,93,0.05,high,2014-04-21 14:57:57,2014-04-21 14:57:57,A39XRKAM1T0MK9,False,None
18731,2,50,False,56,0.4,high,2014-04-21 18:01:21,2014-04-21 18:09:57,A2MOXES1NR1L5K,False,None
18732,1,12.5,False,56,0.1,high,2014-04-21 10:39:17,2014-04-21 10:39:32,AL3U9R1JW2HN9,False,None
18733,1,50,True,93,0.1,high,2014-04-21 13:53:08,2014-04-21 13:53:16,A2KRYB8X46S77C,False,None
18734,1,50,False,93,0.5,high,2014-04-21 13:36:28,2014-04-21 13:36:38,A15L7DBIL7TYTW,False,None
18735,1,0,True,93,0.25,low,2014-04-21 15:37:02,2014-04-21 15:37:10,A8MF3Y278EWK2,False,None
18736,1,25,False,56,0.25,high,2014-04-21 15:20:21,2014-04-21 15:21:00,A1RMOE5UXGQVSZ,False,None
18737,1,0,True,93,0.05,high,2014-04-21 13:43:00,2014-04-21 14:09:53,A1DJDT4B5B19Q2,False,None
18738,1,0,True,93,0.25,low,2014-04-21 14:00:37,2014-04-21 14:06:56,A2HVG934DIDSXQ,False,None
18739,1,12.5,True,93,0.1,high,2014-04-21 16:43:56,2014-04-21 16:44:09,A19XAU8SBQZLYM,False,None
18741,1,100,False,93,0.3,high,2014-04-21 14:19:21,2014-04-21 14:19:44,A3BJTC39BU7R4V,False,None
18742,3,12.5,True,93,0.2,high,2014-04-21 11:46:13,2014-04-21 14:30:35,A2Q4THVAJWHDEG,False,None
18743,1,50,True,93,0.5,high,2014-04-21 14:51:36,2014-04-21 14:51:46,A2S3MN9904L9EC,False,None
18744,0,12.5,False,93,0.25,high,2014-04-21 15:26:27,2014-04-21 15:26:27,A1NGXQMOBCXDC3,False,None
18745,0,100,True,93,0.3,high,2014-04-21 14:20:58,2014-04-21 14:20:58,A38QM2WVQ7O9MF,False,None
18746,1,12.5,False,56,0.25,high,2014-04-21 14:09:50,2014-04-21 14:10:10,A2MGE746NXQCCW,False,None
18748,0,25,True,93,0.05,high,2014-04-21 16:36:15,2014-04-21 16:36:15,A3D2U4QF7821ZW,False,None
18749,2,12.5,False,56,0.2,high,2014-04-21 15:12:22,2014-04-21 15:25:28,ABXPIFV6LPN8L,False,None
18750,0,0,True,93,0.25,low,2014-04-21 17:04:22,2014-04-21 17:04:22,A2VDLRRPXV3N59,False,None
18751,7,0,False,93,0.35,high,2014-04-21 12:43:40,2014-04-21 14:56:55,A3G2HICDLF1QIC,False,None
18752,4,25,False,56,0.3,high,2014-04-21 14:15:38,2014-04-21 16:31:54,A1HXI28Y4UD3D2,False,None
18753,1,25,False,93,0.2,high,2014-04-21 17:03:23,2014-04-21 17:03:36,A2102BZX16FX8N,False,None
18754,1,50,True,56,0.4,high,2014-04-21 15:47:36,2014-04-21 15:47:58,A10XYFXQYJKBXF,False,None
18755,22,12.5,False,56,0.2,high,2014-04-21 14:01:53,2014-04-21 16:09:32,A376X3AIH81KSX,False,None
18756,1,50,True,93,0.35,high,2014-04-21 14:27:38,2014-04-21 14:27:48,AELD696DTAAGN,False,None
18757,1,0,True,93,0.4,high,2014-04-21 13:07:54,2014-04-21 13:08:00,A3A1BY5BZCHV2S,False,None
18758,2,12.5,True,56,0.5,high,2014-04-21 16:17:16,2014-04-21 16:41:14,A319Z8JB7SJT0R,False,None
18759,1,12.5,True,93,0.2,high,2014-04-21 17:04:49,2014-04-21 17:04:57,AVHEZ1ASVI91D,False,None
18760,1,0,True,93,0.25,low,2014-04-21 13:38:55,2014-04-21 14:08:57,AIF19ZH9UCDOU,False,None
18761,0,50,False,56,0.15,high,2014-04-21 13:56:35,2014-04-21 13:56:35,ANIRTJBXLLWKY,False,None
18762,1,100,False,56,0.25,high,2014-04-21 15:22:35,2014-04-21 15:22:57,AGCVZ8SFKUJIT,False,None
18763,1,0,False,56,0.05,high,2014-04-21 16:24:30,2014-04-21 16:25:13,AH79LHDRAZF90,False,None
18764,6,12.5,False,56,0.35,high,2014-04-21 12:39:15,2014-04-21 17:18:24,A13VIJ7G997ZCY,False,None
18765,2,100,False,56,0.15,high,2014-04-21 16:48:21,2014-04-21 16:52:13,A1RMMHG2R84B3E,False,None
18766,0,0,True,93,0.25,low,2014-04-21 17:25:16,2014-04-21 17:25:16,A204U8AF5S33H5,False,None
18767,1,50,True,56,0.15,high,2014-04-21 16:50:30,2014-04-21 16:50:36,A18RDBJFY3QWZL,False,None
18768,2,12.5,False,93,0.3,high,2014-04-21 14:18:39,2014-04-21 15:10:06,ARQM0NUW30L4F,False,None
18769,0,50,False,56,0.5,high,2014-04-21 16:15:48,2014-04-21 16:15:48,A19BL9GZGXFWFT,False,None
18770,0,0,True,93,0.25,low,2014-04-21 15:44:40,2014-04-21 15:44:40,A1GA6VXI5QH07,False,None
18771,0,50,False,56,0.4,high,2014-04-21 15:45:16,2014-04-21 15:45:16,A2POLU9GMIVU9Y,False,None
18772,0,25,False,93,0.1,high,2014-04-21 10:50:28,2014-04-21 10:50:28,A16TESTJICU76L,False,None
18773,1,0,False,93,0.4,high,2014-04-21 14:34:00,2014-04-21 14:34:15,AZ5385ST5MN6M,False,None
18774,11,75,False,56,0.5,high,2014-04-21 13:27:44,2014-04-21 15:51:53,ASZME2HK3WFW2,False,None
18775,9,50,False,56,0.15,high,2014-04-21 15:08:17,2014-04-21 17:10:01,A2SHY0YV9UW6SC,False,None
18776,2,50,True,56,0.1,high,2014-04-21 16:41:45,2014-04-21 16:52:50,ABGMXYY10KNJ9,False,None
18777,0,75,True,56,0.1,high,2014-04-21 15:05:49,2014-04-21 15:05:49,AR1IWBDA7MC86,False,None
18778,0,0,True,56,0.1,high,2014-04-21 15:04:30,2014-04-21 15:04:30,A35DS4T8H1MWYD,False,None
18779,2,12.5,False,56,0.5,high,2014-04-21 16:15:06,2014-04-21 16:20:24,A2UE6D2QUOORBI,False,None
18780,1,100,True,93,0.05,high,2014-04-21 13:45:51,2014-04-21 13:46:06,A2QK58RSVD2HWH,False,None
18781,2,100,False,93,0.35,high,2014-04-21 14:24:50,2014-04-21 14:40:14,A1Q4BNWMGGMBVA,False,None
18782,3,0,True,93,0.25,low,2014-04-21 16:15:45,2014-04-21 16:26:57,A31A19S58VS0GF,False,None
18783,1,75,True,93,0.45,high,2014-04-21 13:27:12,2014-04-21 13:27:22,A87V3J137EANX,False,None
18784,0,0,True,93,0.25,high,2014-04-21 15:27:02,2014-04-21 15:27:02,A1BPHW0KCTG34P,False,None
18785,0,100,True,56,0.45,high,2014-04-21 14:38:46,2014-04-21 14:38:46,A38U90G16D59X8,False,None
18786,4,0,False,93,0.5,high,2014-04-21 14:47:51,2014-04-21 16:44:58,A3I1PRYQVXCDW0,False,None
18787,0,0,True,93,0.25,low,2014-04-21 13:52:04,2014-04-21 13:52:04,A1BDZFVHI4LH44,False,None
18788,0,12.5,True,56,0.3,high,2014-04-21 12:20:06,2014-04-21 12:20:06,A2UBEXX051I223,False,None
18789,2,75,True,93,0.4,high,2014-04-21 13:10:35,2014-04-21 13:35:52,A1PEQ6J2H50N7P,False,None
18790,1,100,True,93,0.3,high,2014-04-21 15:37:25,2014-04-21 15:37:35,A3U7LSENO6BFOX,False,None
18791,3,75,True,93,0.3,high,2014-04-21 14:19:53,2014-04-21 17:41:38,A163J5TEJBO43B,False,None
18792,1,12.5,True,93,0.25,high,2014-04-21 17:20:34,2014-04-21 17:20:56,A1CH02G8W438QI,False,None
18793,2,25,False,93,0.45,high,2014-04-21 16:10:58,2014-04-21 16:17:14,A2Q4FV6OUROYVT,False,None
18794,15,0,True,56,0.5,high,2014-04-21 16:16:28,2014-04-21 17:39:27,A1QD0XE25CXJ2A,False,None
18795,2,12.5,False,93,0.3,high,2014-04-21 15:34:51,2014-04-21 15:39:24,AP7XLA3LGMP3I,False,None
18796,0,25,True,93,0.2,high,2014-04-21 11:46:20,2014-04-21 11:46:20,A3VEMG1EEBJHWD,False,None
18797,0,12.5,False,93,0.35,high,2014-04-21 14:23:57,2014-04-21 14:23:57,A3B9OZQTE4US3T,False,None
18798,1,100,False,56,0.25,high,2014-04-21 14:10:49,2014-04-21 14:11:05,AWHNGP104XOU2,False,None
18799,35,50,True,56,0.4,high,2014-04-21 13:05:28,2014-04-21 17:10:58,A1OKNQ2JEXW34Q,False,None
18800,1,25,True,93,0.45,high,2014-04-21 14:42:18,2014-04-21 14:43:08,A17TJCEPO4BEZ4,False,None
18801,0,75,True,93,0.1,high,2014-04-21 10:54:19,2014-04-21 10:54:19,A248TO3PTV0K5P,False,None
18802,1,100,True,56,0.3,high,2014-04-21 15:34:09,2014-04-21 15:34:43,AG6FNMLN826KU,False,None
18803,0,75,True,56,0.35,high,2014-04-21 12:42:53,2014-04-21 12:42:53,A1VZSFHTU51JP0,False,None
18804,0,0,True,93,0.25,low,2014-04-21 12:34:44,2014-04-21 12:34:44,AGY4FG45SEH9G,False,None
18805,2,75,True,93,0.3,high,2014-04-21 17:36:42,2014-04-21 17:51:55,AWYPVLF5NT6US,False,None
18806,6,0,False,93,0.2,high,2014-04-21 11:42:14,2014-04-21 17:41:13,A11LUY287K2MYF,False,None
18807,0,0,True,93,0.25,low,2014-04-21 17:25:43,2014-04-21 17:25:43,A35UHZIVSLVSEN,False,None
18808,1,75,False,56,0.25,high,2014-04-21 15:21:00,2014-04-21 15:22:01,AGJ6958FU8A4N,False,None
18809,1,0,True,56,0.15,high,2014-04-21 15:08:35,2014-04-21 15:09:04,A1IHKSCUOYOGY8,False,None
18810,2,100,True,56,0.05,high,2014-04-21 16:32:58,2014-04-21 16:44:34,A2SQ2C44RB4NHP,False,None
18811,0,50,True,93,0.25,high,2014-04-21 12:06:42,2014-04-21 12:06:42,A2ME6X6AXA759C,False,None
18812,1,50,True,56,0.05,high,2014-04-21 14:56:15,2014-04-21 14:56:21,A3JIM1APOT3POB,False,None
18814,1,0,False,93,0.05,high,2014-04-21 13:41:44,2014-04-21 13:44:46,A4TAQBKTB06BG,False,None
18815,0,0,True,93,0.2,high,2014-04-21 17:04:30,2014-04-21 17:04:30,A228SBYL9G6UKS,False,None
18816,2,25,False,93,0.05,high,2014-04-21 14:58:11,2014-04-21 15:07:03,A2ZUKYMM3YV6JN,False,None
18817,1,25,False,93,0.4,high,2014-04-21 14:34:16,2014-04-21 14:34:22,AFLY5JTSSM0ZB,False,None
18818,1,75,True,56,0.4,high,2014-04-21 13:06:12,2014-04-21 13:06:23,A9N7QYMG6KIHD,False,None
18819,2,100,False,93,0.3,high,2014-04-21 12:34:05,2014-04-21 12:59:17,A3HLCR4YCHJWBI,False,None
18820,0,0,True,93,0.25,low,2014-04-21 16:44:04,2014-04-21 16:44:04,A2KPT0PEUEXCC4,False,None
18821,0,25,False,56,0.45,high,2014-04-21 13:13:35,2014-04-21 13:13:35,AD03VOTNJIGNV,False,None
18822,1,50,True,56,0.45,high,2014-04-21 16:10:22,2014-04-21 16:10:37,A3QO26IPQ1V0S8,False,None
18823,2,0,False,93,0.2,high,2014-04-21 15:16:11,2014-04-21 15:18:59,A1FJMKKKNQTP7B,False,None
18824,1,75,False,56,0.15,high,2014-04-21 15:08:21,2014-04-21 15:08:32,A1IRVESMPNVM1H,False,None
18826,3,0,False,56,0.05,high,2014-04-21 14:52:20,2014-04-21 15:05:32,A3IIE0ASFPHDBN,False,None
18827,2,50,True,93,0.4,high,2014-04-21 16:09:24,2014-04-21 16:47:38,A3OXN8BUNQ4NU,False,None
18828,1,75,False,93,0.1,high,2014-04-21 16:42:55,2014-04-21 16:43:09,A1QG4N21BF61PC,False,None
18829,0,12.5,False,56,0.15,high,2014-04-21 15:08:05,2014-04-21 15:08:05,A2UZAH138DPDUD,False,None
18830,1,25,True,56,0.05,high,2014-04-21 14:54:28,2014-04-21 14:54:54,A1DT7XOW0ISK0K,False,None
18831,1,75,True,93,0.05,high,2014-04-21 10:36:09,2014-04-21 10:36:21,A3JK7WEVK1WY90,False,None
18832,1,100,True,93,0.15,high,2014-04-21 16:54:50,2014-04-21 16:55:02,A2K4I92ILMKK5V,False,None
18833,1,75,True,93,0.15,high,2014-04-21 15:11:04,2014-04-21 15:11:15,A1K01IV872R3WO,False,None
18834,4,50,True,56,0.2,high,2014-04-21 17:00:51,2014-04-21 17:51:10,A2NYY1IPHPUJ90,False,None
18835,1,25,True,56,0.4,high,2014-04-21 15:47:30,2014-04-21 15:47:57,A3UC6XQ72PN9I7,False,None
18836,0,0,True,93,0.25,low,2014-04-21 12:19:51,2014-04-21 12:19:51,A3P2LT53J1GUBG,False,None
18837,1,25,True,56,0.35,high,2014-04-21 12:41:48,2014-04-21 12:42:04,A2QG7H6RSEHZGZ,False,None
18838,1,75,False,93,0.35,high,2014-04-21 17:49:02,2014-04-21 17:49:22,A15F60S00I49OY,False,None
18839,2,0,False,93,0.05,high,2014-04-21 14:57:54,2014-04-21 15:10:04,A2B02TQ25P08SX,False,None
18840,1,100,True,56,0.2,high,2014-04-21 15:16:10,2014-04-21 15:16:15,A22QRLP3EV98YW,False,None
18841,1,100,True,56,0.15,high,2014-04-21 16:50:46,2014-04-21 17:00:30,A1CL4ZFD146IWF,False,None
18842,0,0,True,93,0.25,low,2014-04-21 15:26:44,2014-04-21 15:26:44,A3KQ8SMS8VGOAJ,False,None
18843,0,75,True,56,0.2,high,2014-04-21 11:39:32,2014-04-21 11:39:32,A3CGBLXKSG8NEN,False,None
18844,1,100,True,93,0.15,high,2014-04-21 14:01:41,2014-04-21 14:01:47,A1H11P4QSM08Y1,False,None
18845,0,0,False,56,0.2,high,2014-04-21 14:01:51,2014-04-21 14:01:51,A9KZGRERDRYHH,False,None
18846,0,50,False,93,0.05,high,2014-04-21 13:42:19,2014-04-21 13:42:19,A36LOA6VLJU157,False,None
18847,0,25,True,93,0.5,high,2014-04-21 13:37:28,2014-04-21 13:37:28,A2LGOX1LSBZQMD,False,None
18848,1,100,False,56,0.2,high,2014-04-21 14:03:02,2014-04-21 14:03:10,A2AJPVE4JYXKL9,False,None
18849,1,50,True,56,0.25,high,2014-04-21 17:14:25,2014-04-21 17:15:01,A1KPTRBZJP9CE8,False,None
18851,0,0,True,93,0.25,low,2014-04-21 17:33:19,2014-04-21 17:33:19,A4T4ZN4BV8DAJ,False,None
18852,1,25,False,93,0.35,high,2014-04-21 17:44:57,2014-04-21 17:45:13,A3M13QPQUL9O59,False,None
18853,1,100,False,93,0.25,high,2014-04-21 14:13:34,2014-04-21 14:13:46,A2FIW5ZRGDE79T,False,None
18854,1,25,True,93,0.25,high,2014-04-21 12:03:19,2014-04-21 12:03:36,A34162WF5YKLJ5,False,None
18855,1,12.5,False,93,0.3,high,2014-04-21 17:29:17,2014-04-21 17:32:57,A2DMKWT5WHTZC6,False,None
18857,1,25,True,56,0.15,high,2014-04-21 15:08:55,2014-04-21 15:40:46,A1ITBXITLY2952,False,None
18858,2,0,True,93,0.25,low,2014-04-21 12:41:10,2014-04-21 12:51:24,A2WXZL2CB67AJH,False,None
18859,1,25,False,93,0.45,high,2014-04-21 14:40:12,2014-04-21 14:43:34,A21E6M0FDLO07D,False,None
18860,1,75,False,56,0.45,high,2014-04-21 16:09:43,2014-04-21 16:10:00,A29VL3MZE7YPBZ,False,None
18861,1,100,False,56,0.5,high,2014-04-21 13:28:15,2014-04-21 13:28:34,A2ZOA6GEQOZJYA,False,None
18862,0,100,True,56,0.4,high,2014-04-21 13:06:31,2014-04-21 13:06:31,A1AA8K11MNMZPA,False,None
18863,1,50,True,93,0.15,high,2014-04-21 16:54:18,2014-04-21 16:54:41,AFIIFNK4FM7MZ,False,None
18864,0,0,False,93,0.25,high,2014-04-21 17:15:47,2014-04-21 17:15:47,A15PUZKRWJH0EY,False,None
18865,1,50,True,93,0.3,high,2014-04-21 14:19:39,2014-04-21 14:19:50,A1WJQFUJFDCST5,False,None
18866,7,75,False,93,0.4,high,2014-04-21 14:34:56,2014-04-21 18:13:08,A1PO75Q02UI6GC,False,None
18867,0,25,False,93,0.3,high,2014-04-21 17:31:00,2014-04-21 17:31:00,A3W0TVNCRG212Z,False,None
18868,1,0,True,93,0.25,low,2014-04-21 15:36:38,2014-04-21 15:36:56,A1F05XRNRMNUCK,False,None
18869,0,0,True,93,0.25,low,2014-04-21 14:35:36,2014-04-21 14:35:36,AHMFGJ4LNRQK7,False,None
18870,1,75,False,56,0.4,high,2014-04-21 18:01:26,2014-04-21 18:01:38,A2K2T23JWSB8R4,False,None
18871,1,100,True,93,0.25,high,2014-04-21 17:22:02,2014-04-21 17:22:17,A8I3Y48H8FWSB,False,None
18872,0,25,True,56,0.3,high,2014-04-21 17:26:35,2014-04-21 17:26:35,A2BB9SHJKRYRAM,False,None
18873,1,0,True,56,0.05,high,2014-04-21 14:53:39,2014-04-21 14:53:44,AK0S8EQHPETZQ,False,None
18874,1,25,True,56,0.5,high,2014-04-21 16:18:55,2014-04-21 16:19:05,AHZ8CLA7HUZ4Y,False,None
18875,1,100,True,56,0.4,high,2014-04-21 15:48:25,2014-04-21 15:48:39,A3V4RQCV749KKJ,False,None
18876,2,75,False,93,0.05,high,2014-04-21 16:34:01,2014-04-21 16:40:28,A3TTEI8GKK93FO,False,None
18877,3,0,False,93,0.05,high,2014-04-21 10:31:14,2014-04-21 15:12:22,A2M354FMS027L7,False,None
18878,2,50,False,93,0.45,high,2014-04-21 16:11:37,2014-04-21 17:22:28,A27PVIL93ZMY46,False,None
18879,12,12.5,True,56,0.2,high,2014-04-21 15:14:36,2014-04-21 15:49:58,A7R2QGXWBQC1E,False,None
18880,0,100,False,56,0.4,high,2014-04-21 14:32:38,2014-04-21 14:32:38,AD7CUW86FWEKT,False,None
18881,3,75,False,93,0.5,high,2014-04-21 13:36:32,2014-04-21 13:42:40,AWRAXV1RIYR0M,False,None
18882,1,50,False,93,0.3,high,2014-04-21 17:33:06,2014-04-21 17:33:20,A2CPGMXXKCH2DA,False,None
18883,1,25,False,93,0.2,high,2014-04-21 15:16:30,2014-04-21 15:16:34,A7Y57LYUL8SPF,False,None
18884,4,50,False,56,0.4,high,2014-04-21 14:30:27,2014-04-21 18:09:34,A39E69WUE10VXY,False,None
18885,1,12.5,True,93,0.25,high,2014-04-21 14:13:54,2014-04-21 14:14:07,A17439A68ILHUQ,False,None
18886,1,100,True,56,0.2,high,2014-04-21 17:01:46,2014-04-21 17:02:13,A3C4GMXBQR6LIQ,False,None
18887,2,25,False,56,0.25,high,2014-04-21 17:11:59,2014-04-21 17:25:46,A354O3O95EB99I,False,None
18888,1,100,False,93,0.05,high,2014-04-21 13:42:51,2014-04-21 13:43:05,A395R1POLMKF07,False,None
18889,0,50,True,56,0.35,high,2014-04-21 17:42:10,2014-04-21 17:42:10,A34JG5YYW98V22,False,None
18890,2,0,True,93,0.1,high,2014-04-21 10:53:19,2014-04-21 10:57:42,A1WSFAX0WC3JFW,False,None
18891,1,12.5,True,56,0.1,high,2014-04-21 13:48:49,2014-04-21 13:49:12,A4BV8NKTRY8RF,False,None
18892,1,12.5,True,93,0.1,high,2014-04-21 10:53:46,2014-04-21 10:53:55,AUMMP3H338HJ6,False,None
18893,42,75,False,56,0.25,high,2014-04-21 11:53:09,2014-04-21 17:18:47,A6H0L56FA3C4F,False,None
18894,2,25,True,93,0.3,high,2014-04-21 15:37:19,2014-04-21 15:51:57,A2NO4F8PE0K35W,False,None
18895,16,12.5,False,93,0.3,high,2014-04-21 12:30:06,2014-04-21 17:11:49,A1CH1PHXP9V5BL,False,None
18896,0,0,True,93,0.25,low,2014-04-21 13:38:58,2014-04-21 13:38:58,A1K9WP8Q74E9G2,False,None
18897,1,100,False,93,0.1,high,2014-04-21 15:07:28,2014-04-21 15:07:35,ABQES53HKWCT6,False,None
18898,0,0,False,56,0.05,high,2014-04-21 13:37:35,2014-04-21 13:37:35,A2BLIB4GCCK3J5,False,None
18899,1,12.5,True,56,0.25,high,2014-04-21 11:53:40,2014-04-21 11:54:02,A18O7OUFOB63SO,False,None
18900,1,50,False,56,0.2,high,2014-04-21 15:12:40,2014-04-21 15:12:52,A1NOOAV55DX5KB,False,None
18901,0,0,True,93,0.25,low,2014-04-21 14:34:41,2014-04-21 14:34:41,A2YBZFSUD5OP7W,False,None
18902,0,100,False,56,0.45,high,2014-04-21 14:37:08,2014-04-21 14:37:08,A2SJC9VRBGNC58,False,None
18903,1,100,False,93,0.45,high,2014-04-21 13:24:09,2014-04-21 13:24:40,ARV71HPDL7UEP,False,None
18904,3,12.5,False,56,0.05,high,2014-04-21 16:25:31,2014-04-21 16:31:55,A3KLW6YA0F602G,False,None
18905,0,0,False,56,0.5,high,2014-04-21 16:15:03,2014-04-21 16:15:03,A38DC3BG1ZCVZ2,False,None
18906,3,12.5,True,56,0.3,high,2014-04-21 17:26:13,2014-04-21 18:14:10,A2PPPA7EICMYCU,False,None
18907,2,100,True,56,0.05,high,2014-04-21 14:56:54,2014-04-21 15:07:00,A15MFRA24IIDUX,False,None
18908,0,12.5,False,93,0.05,high,2014-04-21 10:31:29,2014-04-21 10:31:29,A27QCN3GYCZTPE,False,None
18909,1,100,True,56,0.3,high,2014-04-21 12:28:15,2014-04-21 12:28:51,A3CSV8HT625F2S,False,None
18910,1,50,False,56,0.15,high,2014-04-21 10:58:31,2014-04-21 10:58:55,A26ZENZ5G8AEGM,False,None
18911,1,25,False,93,0.05,high,2014-04-21 10:31:45,2014-04-21 10:31:51,A3PPCEDYR2EB22,False,None
18912,1,100,False,56,0.1,high,2014-04-21 16:39:56,2014-04-21 16:39:59,A2KPR1UACFJK09,False,None
18913,1,50,False,56,0.25,high,2014-04-21 17:12:49,2014-04-21 17:13:32,A1UQLTYTQKITAD,False,None
18914,0,50,False,93,0.35,high,2014-04-21 15:40:42,2014-04-21 15:40:42,A3G0T5Y7OSC76S,False,None
18915,1,75,True,93,0.2,high,2014-04-21 14:07:15,2014-04-21 14:07:30,A3RFIU033OKFOJ,False,None
18916,0,25,False,56,0.15,high,2014-04-21 13:55:55,2014-04-21 13:55:55,A37QA4R58JSGVO,False,None
18917,0,100,True,56,0.2,high,2014-04-21 11:42:02,2014-04-21 11:42:02,A3H3RW4RBLPUA6,False,None
18918,0,25,False,93,0.15,high,2014-04-21 16:52:31,2014-04-21 16:52:31,A2Y0ZGI29KQBTB,False,None
18919,0,50,True,93,0.05,high,2014-04-21 16:36:39,2014-04-21 16:36:39,AQ36OBO2GRA00,False,None
18920,1,25,False,93,0.5,high,2014-04-21 16:21:40,2014-04-21 17:30:47,A3PWXKS2CLQY0F,False,None
18921,50,0,False,93,0.5,high,2014-04-21 13:36:08,2014-04-21 16:41:02,A2GS6VJEP91PA9,True,None
18922,12,100,False,56,0.3,high,2014-04-21 14:16:42,2014-04-21 14:55:48,A100ZRUR9RG65B,False,None
18923,0,75,True,56,0.4,high,2014-04-21 14:33:45,2014-04-21 14:33:45,A1FGNOQYFCXIV,False,None
18924,1,75,True,56,0.45,high,2014-04-21 13:17:13,2014-04-21 13:17:24,A2U7HWYD5KOBKW,False,None
18925,0,100,False,93,0.5,high,2014-04-21 13:36:41,2014-04-21 13:36:41,A1FA2AJUFESR5T,False,None
18926,1,100,True,93,0.45,high,2014-04-21 13:27:17,2014-04-21 13:27:23,A1NOR6E0WT0Y14,False,None
18927,0,75,False,93,0.1,high,2014-04-21 10:51:46,2014-04-21 10:51:46,ASHXZ2ZVZ6HF0,False,None
18928,0,100,True,56,0.1,high,2014-04-21 10:47:58,2014-04-21 10:47:58,A1NXV75BRCUHB8,False,None
18929,0,100,False,93,0.25,high,2014-04-21 11:59:09,2014-04-21 11:59:09,AVXEDARJC5HLU,False,None
18930,4,0,True,93,0.25,low,2014-04-21 14:01:58,2014-04-21 16:27:56,A2D2TOA4I759Y7,False,None
18931,50,100,True,93,0.5,high,2014-04-21 14:51:56,2014-04-21 18:11:10,A2Q009DS6B04P5,True,None
18932,0,12.5,True,93,0.35,high,2014-04-21 14:27:02,2014-04-21 14:27:02,A10GZ0SWBZIRBK,False,None
18933,0,75,True,93,0.1,high,2014-04-21 15:07:53,2014-04-21 15:07:53,A36DRD8169BORH,False,None
18934,0,100,False,93,0.05,high,2014-04-21 14:58:50,2014-04-21 14:58:50,A340DZFTU1OSQQ,False,None
18935,2,75,False,93,0.35,high,2014-04-21 15:40:55,2014-04-21 15:43:41,A2MJ8GEGHQ9O3H,False,None
18936,0,75,True,56,0.5,high,2014-04-21 14:47:36,2014-04-21 14:47:36,A1KJV3S1EK7LUT,False,None
18937,0,100,False,56,0.05,high,2014-04-21 16:28:38,2014-04-21 16:28:38,A33I2VE5ZEM7J8,False,None
18938,1,75,False,93,0.3,high,2014-04-21 15:35:13,2014-04-21 15:35:24,A2B7R4XQLSLTPE,False,None
18939,2,12.5,True,56,0.4,high,2014-04-21 14:32:58,2014-04-21 14:38:03,A1Y6U48K90CL87,False,None
18940,0,75,False,56,0.15,high,2014-04-21 16:48:00,2014-04-21 16:48:00,A19ZFSJIL5LTR2,False,None
18941,1,0,True,93,0.5,high,2014-04-21 13:37:23,2014-04-21 13:37:34,A3K78IVPVZ5R6C,False,None
18942,1,0,True,56,0.1,high,2014-04-21 13:48:43,2014-04-21 13:49:00,A3SDGYQ2173SKH,False,None
18943,0,50,False,93,0.25,high,2014-04-21 17:19:00,2014-04-21 17:19:00,A3N6JLEAMOBJU9,False,None
18944,1,50,True,93,0.25,high,2014-04-21 15:27:55,2014-04-21 15:28:16,A2CWXQF8N5ITZ6,False,None
18945,0,0,True,93,0.25,low,2014-04-21 13:28:20,2014-04-21 13:28:20,A2A1D52ZPSW6L9,False,None
18946,0,50,True,56,0.3,high,2014-04-21 12:22:47,2014-04-21 12:22:47,A2SNX0RFIPIO60,False,None
18947,2,12.5,True,56,0.4,high,2014-04-21 13:04:48,2014-04-21 16:47:29,A6INY1UVFY5GB,False,None
18948,0,75,True,93,0.25,high,2014-04-21 12:07:06,2014-04-21 12:07:06,AY0BJCGY2DHIX,False,None
18949,0,50,False,56,0.2,high,2014-04-21 14:02:37,2014-04-21 14:02:37,A2IU1B0EVVB3CF,False,None
18950,1,12.5,True,56,0.4,high,2014-04-21 15:47:07,2014-04-21 15:47:23,ADXS3LYNZDXWX,False,None
18951,0,75,True,56,0.1,high,2014-04-21 13:49:21,2014-04-21 13:49:21,A1C57DJF1HCR3Q,False,None
18952,0,0,False,93,0.2,high,2014-04-21 14:04:09,2014-04-21 14:04:09,AJP3A4R5044QG,False,None
18953,1,0,False,93,0.15,high,2014-04-21 13:57:41,2014-04-21 13:57:52,A35B7G5CUV6VYI,False,None
18954,0,0,True,56,0.45,high,2014-04-21 13:14:57,2014-04-21 13:14:57,A3O81LHBBI8NPK,False,None
18955,2,12.5,False,93,0.45,high,2014-04-21 16:10:46,2014-04-21 16:33:50,A2P1VYBQ79Y92Q,False,None
18956,2,75,True,56,0.5,high,2014-04-21 16:19:37,2014-04-21 16:33:12,A1P2M1LBFJ4JRL,False,None
18957,1,50,True,56,0.45,high,2014-04-21 13:17:05,2014-04-21 13:17:18,AEKCK3L7OKCY9,False,None
18958,1,100,False,93,0.05,high,2014-04-21 10:32:31,2014-04-21 10:32:46,A1VVEQOIHSSHX0,False,None
18959,2,25,True,93,0.05,high,2014-04-21 14:59:31,2014-04-21 15:06:08,A118DWOXWSI8VC,False,None
18960,1,75,True,56,0.05,high,2014-04-21 14:56:35,2014-04-21 14:56:48,AL2UHU832YM3U,False,None
18961,0,25,True,93,0.25,high,2014-04-21 14:13:59,2014-04-21 14:13:59,A22R7DT2XQIKXV,False,None
18962,1,100,False,93,0.05,high,2014-04-21 16:34:47,2014-04-21 16:34:55,A375ULPGXB54IQ,False,None
18963,4,0,False,93,0.35,high,2014-04-21 14:23:55,2014-04-21 16:28:26,AL7VFRW3KEDOK,False,None
18964,1,75,True,56,0.1,high,2014-04-21 16:41:53,2014-04-21 16:42:19,A2954VY4TK3RG7,False,None
18965,0,75,True,56,0.05,high,2014-04-21 16:32:20,2014-04-21 16:32:20,APSP9NBS1JLLB,False,None
18966,1,25,True,56,0.45,high,2014-04-21 13:16:51,2014-04-21 13:17:06,ACWYF9Z50PCA9,False,None
18967,2,100,False,56,0.1,high,2014-04-21 13:48:36,2014-04-21 13:54:06,A3NUIEPMZSHEZ4,False,None
18968,0,0,True,93,0.25,low,2014-04-21 15:31:08,2014-04-21 15:31:08,A2K9IGN037E6V,False,None
18969,0,50,False,56,0.45,high,2014-04-21 16:09:42,2014-04-21 16:09:42,A18G2CLYSTENK,False,None
18970,0,50,True,93,0.15,high,2014-04-21 11:21:04,2014-04-21 11:21:04,A3G3G7SCD88G1J,False,None
18972,0,25,True,56,0.4,high,2014-04-21 13:05:16,2014-04-21 13:05:16,A2EPJ9V5DYMHR2,False,None
18973,0,50,True,56,0.3,high,2014-04-21 14:17:37,2014-04-21 14:17:37,A16EB9CC8UW6MH,False,None
18974,1,50,False,93,0.15,high,2014-04-21 11:17:13,2014-04-21 11:17:29,A7GIXH8B0CQRA,False,None
18975,1,25,True,56,0.05,high,2014-04-21 13:39:12,2014-04-21 13:39:27,A1N0Z2OU3WD9R6,False,None
18976,0,0,False,56,0.1,high,2014-04-21 16:38:35,2014-04-21 16:38:35,A38BNV13AV0S8Y,False,None
18977,0,75,False,93,0.2,high,2014-04-21 11:43:59,2014-04-21 11:43:59,A1ZQ7A1CUV6RD8,False,None
18978,0,0,True,93,0.25,low,2014-04-21 17:56:58,2014-04-21 17:56:58,AH8GN2QK2QLU7,False,None
18979,1,50,True,93,0.1,high,2014-04-21 10:54:16,2014-04-21 10:55:01,A1HDRB3VB48WJ8,False,None
18980,0,0,False,56,0.3,high,2014-04-21 14:15:25,2014-04-21 14:15:25,A14PFRHG0A2YY9,False,None
18981,3,50,True,56,0.05,high,2014-04-21 13:39:27,2014-04-21 14:16:38,A2KCG73A6QCNCW,False,None
18982,2,50,False,56,0.5,high,2014-04-21 13:27:39,2014-04-21 13:55:52,A2MLPY7JOSSXDI,False,None
18984,1,0,False,56,0.2,high,2014-04-21 11:24:27,2014-04-21 11:24:43,AKC56FKADYPMB,False,None
18985,14,25,False,93,0.25,high,2014-04-21 17:15:55,2014-04-21 18:06:27,A2GYWG3QKKC2E1,False,None
18986,2,0,False,56,0.25,high,2014-04-21 17:10:13,2014-04-21 17:17:20,AL60LT3O2N4X9,False,None
18987,2,75,True,93,0.45,high,2014-04-21 16:14:04,2014-04-21 16:31:53,A3IE6ATDKX6N1H,False,None
18989,0,100,False,93,0.45,high,2014-04-21 14:41:32,2014-04-21 14:41:32,ACGHHDT7RY1AH,False,None
18990,0,0,True,93,0.25,low,2014-04-21 13:08:19,2014-04-21 13:08:19,A1XR97XSHB17AB,False,None
18991,9,25,False,56,0.5,high,2014-04-21 14:44:39,2014-04-21 18:12:29,A1TUYDRK3HLCRK,False,None
18992,1,100,False,56,0.15,high,2014-04-21 13:56:59,2014-04-21 13:57:11,A3FFAWIZENG1FG,False,None
18993,0,50,False,56,0.35,high,2014-04-21 17:39:00,2014-04-21 17:39:00,A3S300T3IVQ2GC,False,None
18994,0,100,True,56,0.25,high,2014-04-21 17:15:29,2014-04-21 17:15:29,A11HNSZYF4BY14,False,None
18995,1,100,True,93,0.15,high,2014-04-21 15:11:22,2014-04-21 15:12:10,A2INF23WTCD7TJ,False,None
18996,1,75,True,93,0.45,high,2014-04-21 14:42:48,2014-04-21 14:43:06,A1OVJ0QM9WF8DB,False,None
18997,1,12.5,False,93,0.05,high,2014-04-21 13:41:57,2014-04-21 13:42:26,A3GLUDQZGEJL5G,False,None
18998,0,100,True,93,0.2,high,2014-04-21 15:19:34,2014-04-21 15:19:34,A20CM8GXU53GUY,False,None
18999,7,25,False,93,0.35,high,2014-04-21 15:40:26,2014-04-21 17:08:29,A10K8ZSAU26T49,False,None
19000,5,12.5,False,56,0.2,high,2014-04-21 11:24:56,2014-04-21 16:31:53,A18UGHEOTQY2R1,False,None
19001,1,100,False,93,0.3,high,2014-04-21 15:35:44,2014-04-21 15:35:56,A1Z6BG9L54MV8L,False,None
19002,0,12.5,False,56,0.35,high,2014-04-21 15:38:07,2014-04-21 15:38:07,A3HSMUPSPOKD0M,False,None
19003,1,25,True,93,0.2,high,2014-04-21 15:18:55,2014-04-21 15:19:04,A3HW4QDJB63OQ2,False,None
19004,0,100,True,56,0.4,high,2014-04-21 18:04:38,2014-04-21 18:04:38,A3G55RJTW3BSGM,False,None
19005,1,50,True,56,0.1,high,2014-04-21 10:45:24,2014-04-21 10:46:48,ABZCA1DW2YSM0,False,None
19006,1,0,False,56,0.1,high,2014-04-21 13:46:13,2014-04-21 13:49:00,A1PV4FQFTV90W8,False,None
19007,1,0,True,93,0.15,high,2014-04-21 15:10:45,2014-04-21 15:11:02,A2P8N5E8B1RYWE,False,None
19008,2,12.5,True,93,0.45,high,2014-04-21 13:24:35,2014-04-21 13:31:34,A100VV1V2XDQI7,False,None
19009,0,0,True,93,0.25,high,2014-04-21 17:20:24,2014-04-21 17:20:24,AGQ2TAHEBBGVM,False,None
19010,0,12.5,True,56,0.3,high,2014-04-21 15:32:46,2014-04-21 15:32:46,A449IIYHDTWEC,False,None
19011,1,100,False,56,0.05,high,2014-04-21 14:53:26,2014-04-21 14:53:29,A320ID8MMZLOXH,False,None
19012,0,100,True,56,0.2,high,2014-04-21 14:03:38,2014-04-21 14:03:38,A1159C6RKPZURE,False,None
19013,0,75,True,93,0.2,high,2014-04-21 11:48:14,2014-04-21 11:48:14,A3TK9CLBA65ZZE,False,None
19015,1,50,False,93,0.4,high,2014-04-21 18:12:35,2014-04-21 18:12:47,A2LGYPH2OXPXPG,False,None
19016,0,12.5,True,56,0.15,high,2014-04-21 15:08:45,2014-04-21 15:08:45,A2PLPSH6IW00IA,False,None
19017,3,0,False,56,0.45,high,2014-04-21 14:36:35,2014-04-21 14:57:55,ALN7AC94I3X70,False,None
19018,1,0,False,56,0.45,high,2014-04-21 13:11:31,2014-04-21 13:11:42,A1H162QMRV01SA,False,None
19019,1,75,True,93,0.15,high,2014-04-21 16:54:31,2014-04-21 16:55:03,AR2BJXE0VOYRV,False,None
19020,1,100,False,93,0.4,high,2014-04-21 15:51:21,2014-04-21 15:51:26,A3LDCY5HDHM5FU,False,None
19021,0,50,True,93,0.4,high,2014-04-21 14:36:20,2014-04-21 14:36:20,AV7D9KFMJ2FUI,False,None
19022,3,25,False,93,0.35,high,2014-04-21 14:24:21,2014-04-21 17:43:15,AWZ7P799UQ10X,False,None
19023,1,75,False,56,0.3,high,2014-04-21 15:31:20,2014-04-21 15:32:01,A34ZUVAQXSJNO1,False,None
19024,0,25,True,93,0.15,high,2014-04-21 15:10:54,2014-04-21 15:10:54,AAOTQL1SCAC03,False,None
19025,1,0,True,56,0.25,high,2014-04-21 15:22:48,2014-04-21 15:23:06,A21E3KYFEGKSUR,False,None
19026,1,25,False,56,0.1,high,2014-04-21 16:38:56,2014-04-21 16:39:15,A30C9OBN3TGSOK,False,None
19027,1,75,False,93,0.4,high,2014-04-21 15:50:35,2014-04-21 15:50:54,A2LC05KYHHA9U5,False,None
19028,1,50,False,56,0.05,high,2014-04-21 14:52:34,2014-04-21 14:52:54,A1JQNLX7XD2VSG,False,None
19029,4,25,False,56,0.15,high,2014-04-21 15:08:06,2014-04-21 16:20:41,AQVP5IH2S6WCB,False,None
19030,3,25,True,93,0.35,high,2014-04-21 15:43:35,2014-04-21 16:20:19,A9SDSRCSFAN89,False,None
19031,0,0,True,93,0.25,low,2014-04-21 11:22:48,2014-04-21 11:22:48,A2KDCBG2V9ERXM,False,None
19032,2,12.5,False,93,0.4,high,2014-04-21 14:34:01,2014-04-21 18:05:01,A1F9BHGWBCSDMS,False,None
19033,0,100,True,56,0.15,high,2014-04-21 11:12:22,2014-04-21 11:12:22,A9K0CV70JWG1W,False,None
19034,0,25,False,56,0.2,high,2014-04-21 16:56:37,2014-04-21 16:56:37,A2M5VW97GIYLHB,False,None
19035,1,75,False,56,0.2,high,2014-04-21 11:25:39,2014-04-21 11:26:02,A5LZENCNU4T1V,False,None
19036,0,100,False,56,0.5,high,2014-04-21 14:45:39,2014-04-21 14:45:39,A37P04C2DUCI92,False,None
19037,5,25,True,93,0.3,high,2014-04-21 14:19:38,2014-04-21 17:26:40,A1RX2JBV4VGZ65,False,None
19038,1,12.5,True,93,0.5,high,2014-04-21 14:51:21,2014-04-21 14:52:03,A9317WH3Y1SZ8,False,None
19039,2,100,False,56,0.1,high,2014-04-21 10:42:06,2014-04-21 10:47:33,AF17YCM3970YN,False,None
19040,0,0,True,93,0.25,low,2014-04-21 15:23:14,2014-04-21 15:23:14,ABYAJ5Y7UDAPP,False,None
18144,3,12.5,True,93,0.35,high,2014-04-21 17:53:08,2014-04-21 18:18:44,AWE6Z0XZA6PWF,True,None
18147,7,12.5,False,56,0.35,high,2014-04-21 17:37:45,2014-04-21 18:18:25,A1DYBEOVB57DRR,True,None
18167,23,0,True,56,0.2,high,2014-04-21 16:58:31,2014-04-21 18:18:22,A2JQ2ECYM1GB6,True,None
18194,39,50,False,93,0.45,high,2014-04-21 14:40:38,2014-04-21 18:17:05,ADUJUZANFOWKW,True,None
18229,2,75,True,93,0.35,high,2014-04-21 17:55:28,2014-04-21 18:17:49,A25IKM3V2J3NJT,True,None
18265,33,0,False,56,0.3,high,2014-04-21 12:07:22,2014-04-21 18:25:24,AJA7TGH14R5JJ,True,None
18270,35,0,True,93,0.45,high,2014-04-21 14:41:54,2014-04-21 18:29:22,AUVC78LEL0T6L,True,None
18273,6,0,True,93,0.25,low,2014-04-21 16:24:26,2014-04-21 18:27:43,A2IKSCWK5EOG79,True,None
18304,1,25,True,93,0.4,high,2014-04-21 18:33:09,2014-04-21 18:34:38,A1Y0Y6U906ABT5,True,None
18314,5,0,False,93,0.35,high,2014-04-21 17:43:17,2014-04-21 18:29:58,AF8DIIHK7O7GI,True,None
18339,13,12.5,True,56,0.5,high,2014-04-21 13:29:22,2014-04-21 18:19:53,AJE2GXXF7UMBN,True,None
18395,7,12.5,True,56,0.35,high,2014-04-21 17:41:53,2014-04-21 18:16:44,A3TUM2AO53TBUX,True,None
18423,4,100,True,56,0.35,high,2014-04-21 17:42:38,2014-04-21 18:18:16,A35WYZYRJJKIUQ,True,None
18437,17,100,True,93,0.35,high,2014-04-21 14:28:53,2014-04-21 18:18:44,A2CCK1JKX48R0H,True,None
18475,1,12.5,False,93,0.35,high,2014-04-21 17:43:22,2014-04-21 18:23:17,A88CZ5CYKL5BJ,True,None
18509,2,25,False,93,0.4,high,2014-04-21 18:11:20,2014-04-21 18:18:22,A171HR7IQW4KA4,True,None
18512,14,25,True,93,0.35,high,2014-04-21 14:27:04,2014-04-21 18:17:10,A39PSWVOZDGKX4,True,None
18518,46,25,False,56,0.4,high,2014-04-21 15:45:13,2014-04-21 18:17:56,A2RASN7NYUURR3,True,None
18549,41,25,True,56,0.35,high,2014-04-21 14:22:41,2014-04-21 18:17:22,A221FSWO28B4YF,True,None
18585,6,75,True,56,0.25,high,2014-04-21 11:56:08,2014-04-21 18:16:35,AMKVYXQ6KXQZN,True,None
18591,10,50,True,56,0.5,high,2014-04-21 14:47:20,2014-04-21 18:19:00,A3KCUB6P3IE8NL,True,None
18592,51,12.5,False,56,0.4,high,2014-04-21 12:56:31,2014-04-21 18:16:51,AB5L55GC63C75,True,None
18597,36,25,False,93,0.25,high,2014-04-21 15:26:29,2014-04-21 18:17:16,A3PGUKZL36C252,True,None
18612,25,50,False,93,0.2,high,2014-04-21 11:43:56,2014-04-21 18:45:59,AVC62JNYAXA45,True,None
18625,1,25,False,56,0.05,high,2014-04-21 16:26:43,2014-04-21 18:18:12,A3UNS38BYD3OQR,True,None
18718,19,0,False,93,0.25,high,2014-04-21 11:57:00,2014-04-21 18:18:17,ALRJNZDNA380G,True,None
18740,8,0,True,93,0.45,high,2014-04-21 13:24:28,2014-04-21 18:18:17,A323WW03VM8089,True,None
18747,2,100,False,93,0.4,high,2014-04-21 18:14:29,2014-04-21 18:18:06,A1BLJZMHHWHT4Y,True,None
18813,5,0,False,93,0.3,high,2014-04-21 17:28:57,2014-04-21 18:21:30,A2RD9KVUECL878,True,None
18825,42,25,False,93,0.5,high,2014-04-21 14:48:34,2014-04-21 18:17:57,ABKPEX0E9W2HW,True,None
18850,20,0,False,93,0.25,high,2014-04-21 14:12:51,2014-04-21 18:18:06,A2ASZZNGWI1XIL,True,None
18856,1,0,True,93,0.4,high,2014-04-21 18:15:42,2014-04-21 18:16:01,A21CTGE8A1S6QU,True,None
18971,18,12.5,False,56,0.2,high,2014-04-21 16:56:28,2014-04-21 18:20:59,A1AQK667NBERJ1,True,None
18983,2,25,False,56,0.35,high,2014-04-21 17:38:17,2014-04-21 18:16:22,A2UF2FRGVW4T89,True,None
18988,5,25,True,93,0.35,high,2014-04-21 17:53:47,2014-04-21 18:16:57,A18T7E73TNGOKP,True,None
19014,1,12.5,True,93,0.4,high,2014-04-21 18:15:59,2014-04-21 18:16:09,A18NG2NADHTA0,True,None
